,0
0,BioB
1,BioC
2,BioD
3,D00003_i
4,D00003_r_i
5,D00015
6,D00137
7,D00173
8,D00306
9,D00408
10,D00596
11,D00726
12,D00749
13,D10202
14,D10216
15,D10522_i
16,D10522_r
17,D10537
18,D10570
19,D10656
20,D10704
21,D10872
22,D10923
23,D10925
24,D11086
25,D11094_i
26,D11139
27,D11327_r
28,D11428_i
29,D11428_r
30,D12620
31,D12625
32,D12676
33,D12676
34,D12686_r
35,D12765_i
36,D12765_r
37,D13138
38,D13168
39,D13243
40,D13292_i
41,D13292_r
42,D13305
43,D13315_i
44,D13315_r
45,D13626
46,D13627_f
47,D13628
48,D13630
49,D13634
50,D13635_i
51,D13635_r
52,D13636
53,D13637
54,D13639
55,D13640
56,D13641_f
57,D13641_i
58,D13641_r_i
59,D13642_f
60,D13642_i
61,D13642_r_i
62,D13643
63,D13644
64,D13645
65,D13665
66,D13789
67,D13891
68,D13902
69,D13969
70,D14134
71,D14520
72,D14539
73,D14658
74,D14661
75,D14662
76,D14664
77,D14665
78,D14689
79,D14694
80,D14695
81,D14717
82,D14812
83,D14822
84,D14822
85,D14823
86,D14838
87,D14874
88,D15049
89,D15056
90,D16111
91,D16294
92,D16350
93,D16362
94,D16362
95,D16431
96,D16469
97,D16481
98,D16593
99,D16626
100,D17390
101,D17391
102,D17400
103,D17525
104,D17530
105,D17532
106,D17547
107,D17570_i
108,D17570_i
109,D17570_r
110,D21064
111,D21090_i
112,D21090_r
113,D21094
114,D21163
115,D21205
116,D21209_i
117,D21209_r
118,D21235
119,D21260
120,D21261
121,D21262
122,D21337
123,D21851
124,D21852
125,D21853_f
126,D23672
127,D25215_f
128,D25216
129,D25216
130,D25218_f
131,D25218_i
132,D25235
133,D25278
134,D25303
135,D25304
136,D25538
137,D25539
138,D26018
139,D26067
140,D26068_f
141,D26070
142,D26121
143,D26121
144,D26125_f
145,D26129_f
146,D26135
147,D26309
148,D26350
149,D26350
150,D26528
151,D26535
152,D28124
153,D28475
154,D28513
155,D28532
156,D28538
157,D28588
158,D29642_f
159,D29642_i
160,D29642_i
161,D29642_r_i
162,D29677
163,D29767
164,D29805
165,D29808
166,D29810
167,D29832_f
168,D29832_i
169,D29954
170,D29956_f
171,D29956_i
172,D29956_r_i
173,D29958_f
174,D29992
175,D30036
176,D30742
177,D30756
178,D30756
179,D30758_f
180,D31716
181,D31763
182,D31766
183,D31767
184,D31784
185,D31846
186,D31883_f
187,D31884
188,D31884
189,D31887_i
190,D31887_r_i
191,D31889_i
192,D32046
193,D32051
194,D32201
195,D32202
196,D37931
197,D37932
198,D37932
199,D37933
200,D37965
201,D37984
202,D38044
203,D38163
204,D38171
205,D38171
206,D38251
207,D38293
208,D38449
209,D38491
210,D38496
211,D38521
212,D38522
213,D38524
214,D38537_f
215,D38537_i
216,D38537_i
217,D38548_f
218,D38549
219,D38550
220,D38551
221,D38554
222,D38555
223,D42038
224,D42039
225,D42041
226,D42043
227,D42045_i
228,D42046
229,D42047
230,D42053
231,D42054
232,D42055
233,D42063
234,D42072
235,D42084
236,D42087
237,D42108
238,D43638_i
239,D43638_r_i
240,D43768
241,D43772
242,D43947
243,D43948
244,D43950
245,D43951
246,D43969
247,D45370_f
248,D45370_r_i
249,D45887
250,D49357
251,D49394
252,D49396
253,D49487
254,D49487
255,D49488
256,D49490_f
257,D49493
258,D49493
259,D49547
260,D50487
261,D63807
262,D63813
263,D63874
264,D63876
265,D63877
266,D63878
267,D63879
268,D63880
269,D63881
270,D63882
271,D64053
272,D90064
273,D90144
274,D90145
275,D90145
276,D90150
277,D90187
278,D90188
279,D90224
280,D90226
281,D90226
282,D90239_f
283,D90239_i
284,D90276
285,D90278
286,D90312
287,D90313
288,D90391
289,H00278_i
290,H00278_r
291,H00297
292,H00327
293,H00423
294,H00645
295,H01142
296,H01163
297,H01165
298,H01340
299,H01408
300,H01418
301,H01420
302,H01482_f
303,H01482_i
304,H01482_r_i
305,H01652
306,H01943_f
307,H02009_f
308,H02031
309,H02258
310,H02337
311,H02465
312,H02540
313,H02560
314,H02611
315,H02613
316,H02630
317,H02836
318,H02836
319,H02848_f
320,H02861_f
321,H02861_i
322,H02861_i
323,H02869
324,H02882
325,H02889
326,H03061
327,H03346_f
328,H03346_f
329,H03375
330,H03442_i
331,H03442_r_i
332,H03471
333,H03471
334,H03504
335,H03864
336,H03945
337,H03946
338,H03968
339,H03968
340,H04239
341,H04282
342,H04342
343,H04461_i
344,H04461_r
345,H04641
346,H04765
347,H04990
348,H05091
349,H05138
350,H05222_f
351,H05264
352,H05285
353,H05300
354,H05303
355,H05323
356,H05398
357,H05605
358,H05695
359,H05800
360,H05893
361,H05899
362,H05910
363,H05935
364,H05978
365,H05986
366,H06045
367,H06045
368,H06061
369,H06195
370,H06199
371,H06201
372,H06245
373,H06489
374,H06512
375,H06524
376,H06695
377,H06706
378,H06709
379,H06715
380,H06865
381,H06970
382,H07114
383,H07121
384,H07136
385,H07142
386,H07860_r
387,H07871
388,H07878
389,H07899
390,H08056
391,H08144
392,H08188
393,H08188
394,H08191
395,H08203
396,H08559
397,H08559
398,H08613
399,H08637
400,H08639
401,H08678
402,H08749
403,H08751
404,H08776
405,H09083
406,H09089
407,H09149
408,H09263
409,H09273
410,H09305_i
411,H09305_r
412,H09319
413,H09334
414,H09351
415,H09356
416,H09517
417,H09542_i
418,H09572
419,H09599_i
420,H09625
421,H09642
422,H09719
423,H09721
424,H09723
425,H09959
426,H09986
427,H10045
428,H10083_f
429,H10083_r_i
430,H10156
431,H10308
432,H10667
433,H10671
434,H10841
435,H10852
436,H10925_f
437,H11036
438,H11054
439,H11064
440,H11084
441,H11095
442,H11125_f
443,H11257
444,H11316
445,H11347
446,H11377
447,H11380
448,H11460
449,H11609
450,H11633
451,H11658
452,H11719
453,H11751
454,H11773_f
455,H11940
456,H11947
457,H11954
458,H11975
459,H12072
460,H12338
461,H12470
462,H12470
463,H12771
464,H12771
465,H12855
466,H13120
467,H13133
468,H13238
469,H13272_f
470,H13272_i
471,H13272_r_i
472,H13281_f
473,H13281_i
474,H13281_r_i
475,H13292
476,H13822
477,H14341
478,H14343
479,H14343
480,H14506
481,H14506
482,H14574
483,H15020
484,H15069_f
485,H15069_i
486,H15069_r_i
487,H15118
488,H15118
489,H15124
490,H15162
491,H15162
492,H15288
493,H15417
494,H15447
495,H15525_i
496,H15528
497,H15531_i
498,H15531_r_i
499,H15533_f
500,H15533_r_i
501,H15552
502,H15552
503,H15562
504,H15571_i
505,H15662
506,H15815
507,H15815
508,H15934
509,H16096
510,H16396
511,H16402
512,H16583_f
513,H16583_f
514,H16583_i
515,H16597
516,H16709
517,H16714
518,H16758
519,H16769
520,H16774
521,H16774
522,H16799
523,H16809
524,H16991
525,H17040
526,H17108
527,H17124
528,H17127
529,H17409
530,H17434
531,H17491
532,H17636
533,H17827
534,H17883_f
535,H17969
536,H17969
537,H17978
538,H17978
539,H17979
540,H18209
541,H18236
542,H18248
543,H18451_f
544,H18451_i
545,H18464
546,H18855
547,H18855
548,H18946
549,H19123
550,H19201
551,H19208
552,H19232
553,H19272
554,H19309
555,H19413_r_i
556,H19467_f
557,H19615
558,H19794_f
559,H19794_i
560,H19874
561,H20045
562,H20162
563,H20162
564,H20165
565,H20289
566,H20426
567,H20434
568,H20503
569,H20512
570,H20529
571,H20571
572,H20709
573,H20822
574,H20845
575,H20856
576,H20926
577,H20974
578,H21532_i
579,H21532_r
580,H21913
581,H21927
582,H21927
583,H21944
584,H21958
585,H22456
586,H22456
587,H22550
588,H22573
589,H22573
590,H22579_i
591,H22579_i
592,H22821
593,H22842
594,H22939
595,H22948_i
596,H22948_r
597,H22993
598,H23012
599,H23135
600,H23229
601,H23229
602,H23235_f
603,H23235_i
604,H23235_r_i
605,H23544
606,H23568
607,H23740
608,H23975_i
609,H24030
610,H24033
611,H24076
612,H24245
613,H24250
614,H24263
615,H24310_f
616,H24310_i
617,H24310_r_i
618,H24346_f
619,H24401
620,H24579
621,H24748_f
622,H24748_i
623,H24748_i
624,H24754
625,H24766
626,H24769
627,H24956
628,H25130
629,H25136
630,H25391
631,H25940
632,H26016
633,H26016
634,H26101
635,H26161
636,H26161
637,H26166
638,H26183
639,H26360
640,H26419
641,H26426_r
642,H26655
643,H26658
644,H26673
645,H26676
646,H26695
647,H26759
648,H26960_i
649,H26965
650,H27004
651,H27202_f
652,H28070
653,H28140
654,H28146
655,H28176
656,H28284
657,H28438
658,H28452
659,H28469
660,H28547
661,H28614_i
662,H28614_i
663,H28614_r
664,H28614_r
665,H28711
666,H28780
667,H28929
668,H29015
669,H29054
670,H29170
671,H29256
672,H29265
673,H29295
674,H29308
675,H29320
676,H29322
677,H29483
678,H29546
679,H29625
680,H29627
681,H29761
682,H29824
683,H29833
684,H29838_f
685,H29838_i
686,H29877
687,H29895
688,H30216
689,H30530
690,H30556
691,H30564_f
692,H30638
693,H30660
694,H30660
695,H30740
696,H30746
697,H37925_f
698,H37929
699,H37929
700,H38185
701,H38216
702,H38231
703,H38444
704,H38531
705,H38628
706,H38679
707,H38838
708,H38838
709,H38966
710,H38990_i
711,H38990_r
712,H39076
713,H39222
714,H39669
715,H39669
716,H39671_r
717,H39819
718,H39830
719,H39991_f
720,H39991_i
721,H39991_r_i
722,H39991_r_i
723,H40013
724,H40108
725,H40202
726,H40202
727,H40269
728,H40416
729,H40434
730,H40554
731,H40554
732,H40560
733,H40624
734,H40635
735,H40680
736,H40697
737,H40699
738,H40867
739,H40891
740,H40980_f
741,H40980_i
742,H40980_i
743,H41017
744,H41075
745,H41129
746,H41147
747,H41406
748,H41432
749,H41528
750,H41548
751,H41554
752,H41732
753,H41921
754,H42127
755,H42477
756,H42754
757,H42852
758,H42884_f
759,H43049
760,H43183
761,H43328_f
762,H43328_i
763,H43419
764,H43717_i
765,H43717_r
766,H43851
767,H43887_f
768,H43908_f
769,H44007
770,H44011
771,H44030
772,H44044
773,H44044
774,H44200
775,H44437
776,H44446
777,H44764_r
778,H44802
779,H44953
780,H44956
781,H45251_i
782,H45299
783,H45466
784,H45526_i
785,H45526_r_i
786,H45679_f
787,H45692
788,H45781
789,H45802
790,H45824
791,H45967
792,H45977
793,H45977
794,H45996
795,H46001
796,H46001
797,H46425
798,H46554
799,H46624
800,H46971
801,H46987
802,H46990
803,H47080
804,H47085
805,H47107
806,H47348
807,H47585
808,H47585
809,H47609
810,H47628_f
811,H47628_i
812,H47640
813,H47646
814,H47817
815,H47859
816,H48027
817,H48051
818,H48072
819,H48098
820,H48100
821,H48122
822,H48262
823,H48460
824,H48460
825,H48485_f
826,H48490
827,H48515
828,H49064
829,H49277
830,H49309
831,H49325
832,H49325
833,H49433
834,H49435
835,H49515
836,H49525
837,H49587_f
838,H49587_i
839,H49592
840,H49870
841,H50129
842,H50199
843,H50229
844,H50239
845,H50240_r
846,H50515_f
847,H50548
848,H50679_i
849,H50679_r
850,H50700_f
851,H50700_f
852,H50700_i
853,H50849
854,H50876
855,H51015
856,H51034
857,H51118
858,H51118
859,H51137
860,H51221_f
861,H51221_r_i
862,H51272
863,H51311
864,H51324
865,H51404
866,H51524_f
867,H51554
868,H51607
869,H51626
870,H51797
871,H52141
872,H52141
873,H52180
874,H52207
875,H52231
876,H52518
877,H52518
878,H52531
879,H52655
880,H52832
881,H52992
882,H53092
883,H53136
884,H53136
885,H53270
886,H53323
887,H53533
888,H53564
889,H53834
890,H53836
891,H53869
892,H54091
893,H54235
894,H54417
895,H54636
896,H54676
897,H55758
898,H55759
899,H55893
900,H55916
901,H56092
902,H56470
903,H56497
904,H56546
905,H56608
906,H56680
907,H56693
908,H57136_f
909,H57136_f
910,H57529
911,H57679
912,H57727
913,H57731
914,H57958_f
915,H57958_i
916,H58091
917,H58091
918,H58121
919,H58121
920,H58224
921,H58254_f
922,H58254_f
923,H58254_i
924,H58363
925,H58387
926,H58397
927,H58614
928,H58696
929,H58737
930,H58737
931,H58951
932,H59127
933,H59259
934,H59260
935,H59551
936,H59599
937,H59756
938,H59796_f
939,H60050
940,H60074
941,H60150
942,H60175
943,H60429
944,H60581
945,H60702
946,H60823
947,H60824
948,H61231
949,H61410_f
950,H61410_i
951,H61452
952,H61535_f
953,H61535_i
954,H61563
955,H61563
956,H61730
957,H61730
958,H61739
959,H61816
960,H62177
961,H62365
962,H62380
963,H62466
964,H62826_f
965,H62826_i
966,H62835
967,H62844
968,H62851
969,H62860
970,H63086
971,H63094
972,H63116
973,H63116
974,H63361
975,H63737
976,H63780
977,H64001
978,H64001
979,H64141
980,H64172
981,H64259
982,H64261
983,H64325
984,H64328
985,H64398
986,H64427
987,H64489
988,H64489
989,H64555
990,H64807
991,H64819
992,H64836
993,H65066_f
994,H65087
995,H65117
996,H65121
997,H65182
998,H65187
999,H65223
1000,H65327
1001,H65354
1002,H65425
1003,H65441
1004,H65482
1005,H65488
1006,H65488
1007,H65605
1008,H65605
1009,H65662
1010,H65662
1011,H65870
1012,H65986
1013,H66005
1014,H66153
1015,H66316
1016,H66332
1017,H66332
1018,H66340
1019,H66340
1020,H66363
1021,H66786
1022,H66832
1023,H66834
1024,H66974
1025,H66974
1026,H67026
1027,H67092
1028,H67370_f
1029,H67370_i
1030,H67547
1031,H67551
1032,H67764_f
1033,H67886
1034,H67899
1035,H67901
1036,H68165
1037,H68220
1038,H68239
1039,H68358
1040,H68366
1041,H68374
1042,H68520
1043,H68719
1044,H68838
1045,H68922
1046,H69078
1047,H69167
1048,H69184_f
1049,H69296
1050,H69351
1051,H69521
1052,H69674
1053,H69681
1054,H69695
1055,H69716
1056,H69744
1057,H69819
1058,H69834
1059,H69843_r_i
1060,H69867
1061,H69867
1062,H69872
1063,H69878
1064,H70487
1065,H70491
1066,H70604
1067,H70609
1068,H70635
1069,H70833
1070,H70857
1071,H70868
1072,H70878
1073,H70912_f
1074,H70912_i
1075,H70912_r_i
1076,H70924
1077,H71150
1078,H71191
1079,H71214
1080,H71465
1081,H71488
1082,H71666
1083,H71863_f
1084,H72011
1085,H72231
1086,H72764
1087,H72850
1088,H72939
1089,H72965
1090,H73050_i
1091,H73050_r
1092,H73062
1093,H73086
1094,H73160
1095,H73279_f
1096,H73279_f
1097,H73279_i
1098,H73279_i
1099,H73284
1100,H73336
1101,H73413
1102,H73413
1103,H73619
1104,H73714
1105,H73751_i
1106,H73751_i
1107,H73757_i
1108,H73757_r_i
1109,H73757_r_i
1110,H73758
1111,H73943
1112,H73947
1113,H73962
1114,H73962
1115,H74007
1116,H74178
1117,H74208
1118,H74280
1119,H74283
1120,H75527
1121,H75547
1122,H75632
1123,H75746
1124,H75746
1125,H75866
1126,H77306_f
1127,H77306_i
1128,H77306_i
1129,H77385
1130,H77502
1131,H77510
1132,H77536
1133,H77597
1134,H77603
1135,H77662_f
1136,H78063
1137,H78329
1138,H78346
1139,H78374
1140,H78386
1141,H78400
1142,H78404
1143,H78816
1144,H79136
1145,H79296
1146,H79329
1147,H79341
1148,H79349
1149,H79492
1150,H79507
1151,H79713
1152,H79713
1153,H79781
1154,H79781
1155,H79817
1156,H79819
1157,H79823
1158,H79974_i
1159,H79974_r_i
1160,H80032
1161,H80032
1162,H80057_f
1163,H80114
1164,H80152
1165,H80215_f
1166,H80240_f
1167,H80259
1168,H80262
1169,H80342
1170,H80543
1171,H80739
1172,H80975
1173,H81068
1174,H81202_i
1175,H81202_r
1176,H81313
1177,H81413_i
1178,H81558
1179,H81586
1180,H81586
1181,H81620
1182,H81650
1183,H81821
1184,H81848
1185,H82100
1186,H82137
1187,H82204
1188,H82228
1189,H82272_i
1190,H82272_r
1191,H82409
1192,H82435
1193,H82631
1194,H82723
1195,H82729
1196,H82741
1197,H82820
1198,H82897
1199,H82962
1200,H82966
1201,H82970
1202,H83003
1203,H83112
1204,H83392_i
1205,H83392_r_i
1206,H83392_r_i
1207,H83699
1208,H83703
1209,H83844
1210,H83932
1211,H83996
1212,H84032
1213,H84032
1214,H84061
1215,H84102
1216,H84114
1217,H84154
1218,H84178
1219,H84178
1220,H84228
1221,H84249_f
1222,H84249_i
1223,H84789
1224,H84795
1225,H84804
1226,H84912_f
1227,H84913
1228,H85102
1229,H85123
1230,H85136
1231,H85348
1232,H85444
1233,H85478
1234,H85528
1235,H85596
1236,H85849
1237,H85878_f
1238,H85953
1239,H86039_i
1240,H86039_r
1241,H86045
1242,H86071
1243,H86488_f
1244,H86488_i
1245,H86518
1246,H86546_f
1247,H86546_i
1248,H86554
1249,H86583
1250,H86583
1251,H86710
1252,H86783
1253,H86799
1254,H86799
1255,H86803
1256,H87001
1257,H87013
1258,H87106_f
1259,H87106_f
1260,H87135
1261,H87176
1262,H87189
1263,H87189
1264,H87193
1265,H87216
1266,H87216
1267,H87343
1268,H87343
1269,H87358_f
1270,H87358_f
1271,H87362
1272,H87371
1273,H87372
1274,H87462
1275,H87465
1276,H87473
1277,H87709
1278,H87716
1279,H87729
1280,H87730
1281,H87730
1282,H87743
1283,H87789
1284,H88261
1285,H88296
1286,H88360_f
1287,H88360_i
1288,H88522
1289,H88787
1290,H88809_i
1291,H88809_r
1292,H88876_f
1293,H88888_f
1294,H88888_i
1295,H88888_r_i
1296,H88898_i
1297,H88898_r
1298,H88938_f
1299,H88938_f
1300,H88938_i
1301,H88938_i
1302,H88945
1303,H89087
1304,H89088
1305,H89333_f
1306,H89357_f
1307,H89374
1308,H89477
1309,H89507
1310,H89604
1311,H89688_f
1312,H89921
1313,H89949
1314,H90055
1315,H90136
1316,H90495
1317,H90535
1318,H90763
1319,H90764
1320,H90874
1321,H90894
1322,H90906
1323,H91144
1324,H91248
1325,H91274
1326,H91298
1327,H91299_f
1328,H91299_f
1329,H91475
1330,H91679
1331,H91680
1332,H91696
1333,H91713
1334,H91826
1335,H91826
1336,H91834
1337,H91834
1338,H91842
1339,H91948
1340,H92024
1341,H92059
1342,H92279
1343,H92463
1344,H92506
1345,H92523
1346,H92556
1347,H92621
1348,H92639
1349,H92646
1350,J00073
1351,J00123
1352,J00140_i
1353,J00140_r
1354,J00146
1355,J00212
1356,J00214_f
1357,J00214_i
1358,J00214_r_i
1359,J00231_f
1360,J00268_f
1361,J00268_f
1362,J00268_i
1363,J00269
1364,J00270
1365,J00287_f
1366,J00301
1367,J02685
1368,J02761
1369,J02763_f
1370,J02770_f
1371,J02783
1372,J02814
1373,J02906
1374,J02923
1375,J02931
1376,J02933
1377,J02940
1378,J02940
1379,J02943_f
1380,J02943_f
1381,J02958
1382,J02963
1383,J02973
1384,J02988
1385,J03004
1386,J03019
1387,J03027_i
1388,J03027_r
1389,J03037_f
1390,J03037_i
1391,J03037_r_i
1392,J03040
1393,J03060
1394,J03068
1395,J03068
1396,J03075
1397,J03133
1398,J03161_i
1399,J03161_r_i
1400,J03239
1401,J03358
1402,J03460
1403,J03473_i
1404,J03473_r
1405,J03478
1406,J03507
1407,J03544
1408,J03565
1409,J03569_i
1410,J03600
1411,J03634
1412,J03639
1413,J03727
1414,J03779
1415,J03802
1416,J03802
1417,J03810
1418,J03824
1419,J03827
1420,J03870
1421,J03925
1422,J04026
1423,J04027
1424,J04040
1425,J04058_f
1426,J04076
1427,J04080_i
1428,J04080_r
1429,J04088
1430,J04111
1431,J04130
1432,J04132
1433,J04132
1434,J04156
1435,J04173
1436,J04177
1437,J04440
1438,J04443
1439,J04449
1440,J04449
1441,J04621_i
1442,J04621_r
1443,J04739
1444,J04760
1445,J04765
1446,J04794
1447,J04809
1448,J04813_f
1449,J04838
1450,J04970
1451,J04990_f
1452,J04990_i
1453,J05008
1454,J05016
1455,J05017
1456,J05068
1457,J05096
1458,J05125
1459,J05125
1460,J05200
1461,J05235
1462,J05272
1463,J05401_f
1464,J05401_i
1465,J05428_f
1466,J05448
1467,J05459
1468,J05480
1469,J05550
1470,J05556
1471,J05682
1472,K01144
1473,K01740
1474,K01900
1475,K01911
1476,K01911
1477,K02100
1478,K02100
1479,K02566_f
1480,K02566_r_i
1481,K02766
1482,K03001
1483,K03191
1484,K03192_r_i
1485,K03193
1486,K03195
1487,K03204_f
1488,K03204_i
1489,K03208_f
1490,L00022
1491,L00073
1492,L00354
1493,L00389
1494,L00634
1495,L00635
1496,L01131
1497,L01131
1498,L01664
1499,L02320
1500,L02321
1501,L02426_i
1502,L02547
1503,L02785
1504,L02840
1505,L02870
1506,L02931
1507,L02932
1508,L02950_i
1509,L03427
1510,L03840
1511,L04270
1512,L04282
1513,L04490
1514,L04656_f
1515,L04656_i
1516,L04733
1517,L04751
1518,L04791
1519,L04947
1520,L05072
1521,L05485_f
1522,L05500
1523,L05515
1524,L05568
1525,L06111_r
1526,L06132
1527,L06133
1528,L06139
1529,L06147
1530,L06175
1531,L06328
1532,L06419
1533,L06633
1534,L06850
1535,L07032
1536,L07033
1537,L07077_f
1538,L07335_f
1539,L07414
1540,L07590
1541,L07594_f
1542,L07594_i
1543,L07597
1544,L07615
1545,L07648
1546,L07738
1547,L07810
1548,L07919
1549,L07949
1550,L07956_i
1551,L08010
1552,L08010
1553,L08044
1554,L08069
1555,L08096
1556,L08177
1557,L08485
1558,L08599
1559,L08850
1560,L08893
1561,L08895
1562,L09118
1563,L09159_f
1564,L09159_i
1565,L09190
1566,L09234
1567,L09237
1568,L09247
1569,L09753
1570,L10101
1571,L10123
1572,L10125
1573,L10126
1574,L10284
1575,L10335
1576,L10386
1577,L10403
1578,L10413
1579,L10665
1580,L10678
1581,L10678
1582,L10717
1583,L10844
1584,L10911
1585,L11005
1586,L11015
1587,L11015
1588,L11239
1589,L11239
1590,L11244_f
1591,L11329
1592,L11353
1593,L11369
1594,L11373_f
1595,L11373_i
1596,L11667
1597,L11695
1598,L11701
1599,L11702
1600,L11708_i
1601,L12052
1602,L12168
1603,L12350
1604,L12398_f
1605,L12398_i
1606,L12468
1607,L12535
1608,L12579
1609,L12686
1610,L12693_f
1611,L12693_r_i
1612,L12723
1613,L12760
1614,L12964
1615,L13258
1616,L13268
1617,L13278
1618,L13286
1619,L13329
1620,L13385
1621,L13434
1622,L13616
1623,L13689
1624,L13698
1625,L13698
1626,L13740
1627,L13744
1628,L13852_i
1629,L13923
1630,L13923
1631,L13939
1632,L13972
1633,L14075
1634,L14076
1635,L14430
1636,L14542
1637,L14595
1638,L14787
1639,L14787
1640,L14812
1641,L14813
1642,L14837_f
1643,L14837_f
1644,L14837_i
1645,L14837_r_i
1646,L14848_f
1647,L14848_f
1648,L14848_i
1649,L14848_i
1650,L14927
1651,L15189
1652,L15309
1653,L15388_f
1654,L15388_r_i
1655,L16242
1656,L16464
1657,L16510
1658,L16782
1659,L16783
1660,L16794
1661,L16895
1662,L16895
1663,L16896_f
1664,L17075
1665,L17325
1666,L17326
1667,L17330
1668,L18887
1669,L18920
1670,L19067
1671,L19183
1672,L19267
1673,L19315
1674,L19593
1675,L19659
1676,L19711
1677,L19778_f
1678,L19778_i
1679,L19779
1680,L19871
1681,L19872_i
1682,L19872_r_i
1683,L20298
1684,L20316
1685,L20321
1686,L20348
1687,L20422
1688,L20431
1689,L20433
1690,L20463
1691,L20463
1692,L20469
1693,L20492_f
1694,L20688
1695,L20814
1696,L20815
1697,L20826
1698,L20852
1699,L20859
1700,L20861
1701,L21181
1702,L21715
1703,L21715
1704,L21893_i
1705,L21893_i
1706,L21893_r_i
1707,L21934
1708,L21993
1709,L22005
1710,L22009_r
1711,L22075
1712,L22206
1713,L22214
1714,L22342_f
1715,L22343
1716,L22524
1717,L22548_f
1718,L22548_f
1719,L22548_i
1720,L22548_r_i
1721,L22647
1722,L22650
1723,L23116
1724,L23808
1725,L23823
1726,L23852
1727,L23959
1728,L24470
1729,L24470
1730,L24564
1731,L25119
1732,L25270
1733,L25285
1734,L25441
1735,L25541
1736,L25615
1737,L25616
1738,L25665
1739,L25798_i
1740,L25877
1741,L25941
1742,L26081
1743,L26339
1744,L26405_i
1745,L26405_r
1746,L26494
1747,L26953
1748,L27050
1749,L27071
1750,L27479
1751,L27670
1752,L27745
1753,L27841_f
1754,L28175
1755,L28821
1756,L28824
1757,L28957
1758,L28957
1759,L29216
1760,L29220
1761,L29222
1762,L29339
1763,L29529
1764,L31409
1765,L31584
1766,L31801
1767,L31881
1768,L31951
1769,L32137_i
1770,L32137_i
1771,L32137_r
1772,L32140_f
1773,L32140_i
1774,L32163
1775,L32164
1776,L32179
1777,L32832
1778,L32961
1779,L32977
1780,L33243_i
1781,L33243_r
1782,L33404
1783,L33477
1784,L33799_f
1785,L33799_i
1786,L33881_f
1787,L33930
1788,L34035
1789,L34041
1790,L34056_f
1791,L34060
1792,L34060
1793,L34075
1794,L34081
1795,L34155
1796,L34219
1797,L34355
1798,L34357
1799,L34357
1800,L34774
1801,L34820_f
1802,L34820_i
1803,L34840
1804,L35233
1805,L35249
1806,L35251
1807,L35279
1808,L35545
1809,L35546_f
1810,L35594
1811,L36069
1812,L36531
1813,L36566
1814,L36642
1815,L36642
1816,L36645
1817,L36719
1818,L36818
1819,L36844_f
1820,L36844_i
1821,L36861
1822,L36870
1823,L37042
1824,L37086
1825,L37112
1826,L37347
1827,L37362
1828,L37378
1829,L38019
1830,L38503_f
1831,L38503_r_i
1832,L38517
1833,L38593
1834,L38593
1835,L38707
1836,L38734
1837,L38810_f
1838,L38928_f
1839,L38928_i
1840,L38928_i
1841,L38929
1842,L38951
1843,L38961
1844,L38969
1845,L39059_f
1846,L39059_i
1847,L39060
1848,L39833
1849,L39874
1850,L40027
1851,L40157
1852,L40357
1853,L40371
1854,L40380
1855,L40394
1856,L40400
1857,L40403
1858,L40410
1859,L40557
1860,L40817
1861,L40904
1862,L40992
1863,L41067
1864,L41142_i
1865,L41142_r
1866,L41143
1867,L41268_f
1868,L41349
1869,L41351
1870,L41351
1871,L41415
1872,L41559
1873,L41643
1874,L41870
1875,L41919
1876,L41919
1877,L41944
1878,L42110
1879,L42374
1880,L42450
1881,L42451
1882,L42452
1883,L43964
1884,L47162_f
1885,L47574
1886,L47724
1887,L48714
1888,L49207
1889,L49212_i
1890,L49218_f
1891,L49218_i
1892,L49231
1893,M10058
1894,M10065_f
1895,M10065_f
1896,M10065_r_i
1897,M10321
1898,M10373
1899,M10373
1900,M10901
1901,M10938
1902,M10988
1903,M11025_f
1904,M11058
1905,M11166_i
1906,M11166_i
1907,M11166_r
1908,M11186_i
1909,M11186_r
1910,M11220
1911,M11309
1912,M11354
1913,M11433
1914,M11507
1915,M11568
1916,M11718
1917,M11722
1918,M11799
1919,M12272_f
1920,M12623
1921,M12849
1922,M12996
1923,M13057
1924,M13058
1925,M13058
1926,M13143
1927,M13144
1928,M13150
1929,M13241
1930,M13299
1931,M13452
1932,M13560
1933,M13577_i
1934,M13577_r_i
1935,M13665
1936,M13666
1937,M13686_f
1938,M13699_f
1939,M13755_i
1940,M13792
1941,M13880
1942,M13928_f
1943,M13928_f
1944,M13928_i
1945,M13928_i
1946,M13995
1947,M14016_f
1948,M14083
1949,M14083
1950,M14144
1951,M14362
1952,M14502
1953,M14603
1954,M14630
1955,M14648
1956,M14676
1957,M14745
1958,M14764_i
1959,M14764_r
1960,M14766
1961,M14993
1962,M15205
1963,M15395
1964,M15476
1965,M15798_f
1966,M15798_i
1967,M15841
1968,M15881
1969,M16029_f
1970,M16029_i
1971,M16038
1972,M16276
1973,M16404
1974,M16447
1975,M16451
1976,M16462
1977,M16474
1978,M16505
1979,M16630
1980,M16630
1981,M16653
1982,M16707
1983,M16768
1984,M16801
1985,M16827
1986,M16938
1987,M16961
1988,M16965
1989,M16967_f
1990,M17016
1991,M17115
1992,M17183
1993,M17219
1994,M17236_f
1995,M17236_i
1996,M17252
1997,M17252
1998,M17254
1999,M17398
2000,M17446
2001,M17754
2002,M17779
2003,M18079
2004,M18216
2005,M18371
2006,M18372
2007,M18533
2008,M18692_f
2009,M18692_i
2010,M18692_i
2011,M18700
2012,M18731
2013,M18737_f
2014,M18737_i
2015,M18930
2016,M19045
2017,M19159
2018,M19159
2019,M19169
2020,M19283
2021,M19301
2022,M19309
2023,M19481
2024,M19701
2025,M19714
2026,M19722
2027,M20030
2028,M20132
2029,M20218
2030,M20218
2031,M20311
2032,M20429
2033,M20431
2034,M20543_f
2035,M20543_i
2036,M20543_r_i
2037,M20560
2038,M20566
2039,M20786
2040,M20867
2041,M21121
2042,M21186_f
2043,M21186_i
2044,M21188
2045,M21302
2046,M21388
2047,M21388
2048,M21389
2049,M21389
2050,M21539
2051,M21574
2052,M21574
2053,M21868
2054,M21984
2055,M22094
2056,M22349
2057,M22403
2058,M22488_f
2059,M22490
2060,M22612
2061,M22632
2062,M22638
2063,M22734
2064,M22760
2065,M22995
2066,M23068
2067,M23114
2068,M23115
2069,M23197
2070,M23379
2071,M23410
2072,M23668
2073,M23671
2074,M23892
2075,M23892
2076,M24069
2077,M24122
2078,M24364
2079,M24398_f
2080,M24400_f
2081,M24400_i
2082,M24439
2083,M24470
2084,M24486
2085,M24594_f
2086,M24689
2087,M24736_f
2088,M24736_i
2089,M24736_r_i
2090,M25077_f
2091,M25077_i
2092,M25078
2093,M25108
2094,M25160
2095,M25269
2096,M25269
2097,M25280_f
2098,M25322_f
2099,M25393
2100,M25393
2101,M25532
2102,M25532
2103,M25667
2104,M25756
2105,M25809_i
2106,M25809_r
2107,M26039
2108,M26061_f
2109,M26167
2110,M26311
2111,M26383
2112,M26393
2113,M26481
2114,M26658
2115,M26664
2116,M26664
2117,M26682
2118,M26683
2119,M26697
2120,M27138
2121,M27161
2122,M27190
2123,M27274
2124,M27281
2125,M27318
2126,M27396_f
2127,M27492_f
2128,M27492_i
2129,M27492_r_i
2130,M27533
2131,M27539
2132,M27602
2133,M27635_f
2134,M27635_i
2135,M27691
2136,M27783_f
2137,M27783_i
2138,M27819
2139,M27826
2140,M27878
2141,M27903
2142,M27907
2143,M27968
2144,M28128_f
2145,M28128_i
2146,M28129_f
2147,M28209
2148,M28210_f
2149,M28214_f
2150,M28214_i
2151,M28219
2152,M28249
2153,M28373
2154,M28585_f
2155,M28585_i
2156,M28585_r_i
2157,M28636
2158,M28650_f
2159,M28650_i
2160,M28697_f
2161,M28697_i
2162,M28826
2163,M28827
2164,M28880
2165,M28882_i
2166,M28882_i
2167,M28882_r_i
2168,M29038
2169,M29150
2170,M29150
2171,M29273_i
2172,M29458
2173,M29474
2174,M29550
2175,M29551
2176,M29581
2177,M29696
2178,M29873_f
2179,M29873_r_i
2180,M29874_f
2181,M30269
2182,M30448
2183,M30471
2184,M30474_f
2185,M30607
2186,M30629_f
2187,M30629_f
2188,M30629_i
2189,M30704
2190,M30704
2191,M30773
2192,M30818
2193,M30838
2194,M31013
2195,M31115
2196,M31153
2197,M31210
2198,M31213
2199,M31222
2200,M31328
2201,M31516_f
2202,M31516_i
2203,M31516_r_i
2204,M31627
2205,M31661
2206,M31667
2207,M31679
2208,M31682
2209,M31682
2210,M31724
2211,M31776
2212,M32011
2213,M32082
2214,M32215
2215,M32313
2216,M32315
2217,M32373
2218,M32639_i
2219,M32639_r
2220,M32639_r
2221,M32800
2222,M32879
2223,M32886
2224,M33197
2225,M33210
2226,M33308
2227,M33336
2228,M33388_f
2229,M33388_i
2230,M33388_i
2231,M33478
2232,M33491
2233,M33664_f
2234,M33664_i
2235,M33664_i
2236,M33666
2237,M33680
2238,M33772
2239,M33875
2240,M33882
2241,M34046
2242,M34057
2243,M34064
2244,M34065
2245,M34181
2246,M34187
2247,M34192_f
2248,M34192_r_i
2249,M34344
2250,M34424
2251,M34458
2252,M34551
2253,M34570
2254,M34570
2255,M34667
2256,M34715
2257,M35011
2258,M35198_f
2259,M35198_i
2260,M35252
2261,M35410
2262,M35416
2263,M35418
2264,M35543
2265,M35663
2266,M35718
2267,M35878
2268,M36634
2269,M36661
2270,M36711
2271,M36821
2272,M36981_f
2273,M37192
2274,M37400
2275,M37712
2276,M37721
2277,M37766
2278,M37884
2279,M37981
2280,M37984_f
2281,M37984_r_i
2282,M38258
2283,M38451_f
2284,M38451_i
2285,M38561_i
2286,M38690
2287,M54886
2288,M54951
2289,M54992
2290,M55053_s
2291,M55067
2292,M55131
2293,M55153
2294,M55169
2295,M55172
2296,M55210
2297,M55268
2298,M55284
2299,M55422
2300,M55514
2301,M55531
2302,M55542
2303,M55543
2304,M55574
2305,M55580
2306,M55618
2307,M55621
2308,M55621
2309,M55654
2310,M55683
2311,M55905_f
2312,M57230
2313,M57246
2314,M57423
2315,M57466
2316,M57567
2317,M57703
2318,M57710
2319,M57730
2320,M57730
2321,M57732
2322,M57892
2323,M57892
2324,M58050
2325,M58285
2326,M58286
2327,M58297_f
2328,M58583
2329,M58597
2330,M59040
2331,M59079
2332,M59199
2333,M59305
2334,M59305
2335,M59371_f
2336,M59371_i
2337,M59371_r_i
2338,M59465
2339,M59488
2340,M59807
2341,M59819
2342,M59911
2343,M59941
2344,M59964
2345,M60047
2346,M60052
2347,M60174
2348,M60278
2349,M60315
2350,M60335
2351,M60346
2352,M60396
2353,M60445
2354,M60502
2355,M60527
2356,M60614
2357,M60626
2358,M60724
2359,M60756
2360,M60828
2361,M60830
2362,M60922_i
2363,M60922_r
2364,M60974_r_i
2365,M61156
2366,M61156
2367,M61199
2368,M61763
2369,M61832
2370,M61858
2371,M61877_i
2372,M61877_r
2373,M62303
2374,M62324
2375,M62397
2376,M62400
2377,M62424
2378,M62505
2379,M62626
2380,M62762
2381,M62840
2382,M62843
2383,M62994
2384,M63072
2385,M63108
2386,M63167
2387,M63175
2388,M63239
2389,M63391
2390,M63603
2391,M63623
2392,M63838
2393,M63889
2394,M63928
2395,M63962
2396,M63967
2397,M63967
2398,M64098
2399,M64099
2400,M64110
2401,M64231
2402,M64322
2403,M64347
2404,M64486
2405,M64486
2406,M64497_f
2407,M64554_i
2408,M64554_r
2409,M64554_r
2410,M64572
2411,M64595
2412,M64595
2413,M64752
2414,M64788
2415,M64925
2416,M64929
2417,M65028
2418,M65062
2419,M65066
2420,M65085
2421,M65105
2422,M65209
2423,M65217_r
2424,M65254
2425,M65261
2426,M65290
2427,M65291
2428,M67454_f
2429,M67454_i
2430,M67454_r_i
2431,M68516
2432,M68519
2433,M68891
2434,M68941
2435,M69013
2436,M69043
2437,M69066_f
2438,M69135_i
2439,M69135_r
2440,M69175
2441,M69181
2442,M69199
2443,M69238
2444,M69296
2445,M72393
2446,M73077
2447,M73481
2448,M73547
2449,M73720
2450,M73746
2451,M73778
2452,M73780
2453,M73832
2454,M74002_i
2455,M74002_r_i
2456,M74047
2457,M74088
2458,M74089
2459,M74161
2460,M74290
2461,M74387
2462,M74509
2463,M74524
2464,M74525
2465,M74558
2466,M74587
2467,M74718
2468,M74782
2469,M74826
2470,M74903
2471,M75106
2472,M75110
2473,M75126
2474,M75883
2475,M75914_f
2476,M76180
2477,M76378_f
2478,M76378_i
2479,M76424
2480,M76446
2481,M76482
2482,M76558
2483,M76559
2484,M76665
2485,M76676
2486,M76676
2487,M76729
2488,M76979_f
2489,M77016
2490,M77140
2491,M77198
2492,M77349
2493,M77477
2494,M77481
2495,M77693
2496,M77698
2497,M77810
2498,M77829
2499,M77836
2500,M79462
2501,M79463
2502,M80335
2503,M80359
2504,M80461
2505,M80469
2506,M80478
2507,M80482_r
2508,M80613
2509,M80629
2510,M80815
2511,M80927
2512,M81057_f
2513,M81057_i
2514,M81104
2515,M81181
2516,M81182
2517,M81349
2518,M81379
2519,M81592_f
2520,M81600
2521,M81601
2522,M81637_f
2523,M81637_r_i
2524,M81651
2525,M81695
2526,M81758
2527,M81768
2528,M81778
2529,M81882
2530,M81883
2531,M81934
2532,M82827
2533,M82919
2534,M82962
2535,M82962
2536,M82967
2537,M83088
2538,M83221
2539,M83254_f
2540,M83254_i
2541,M83554
2542,M83651
2543,M83664
2544,M83667
2545,M83670
2546,M83712
2547,M83738
2548,M83772
2549,M83941
2550,M83941
2551,M84124
2552,M84326
2553,M84337
2554,M84337
2555,M84349
2556,M84409
2557,M84424
2558,M84426
2559,M84443
2560,M84490
2561,M84526_f
2562,M84605
2563,M84741
2564,M84757
2565,M85079_f
2566,M85079_i
2567,M85164
2568,M85165
2569,M85168
2570,M85169
2571,M85217
2572,M85289
2573,M86406
2574,M86407
2575,M86492
2576,M86546
2577,M86553
2578,M86699
2579,M86737
2580,M86752
2581,M86757_f
2582,M86757_i
2583,M86826
2584,M86842
2585,M86868
2586,M86917_f
2587,M86933
2588,M86934
2589,M87284
2590,M87290_f
2591,M87290_f
2592,M87290_i
2593,M87290_r_i
2594,M87434
2595,M87503
2596,M87507_f
2597,M87770_f
2598,M87770_i
2599,M87770_r_i
2600,M87772
2601,M87789_f
2602,M88108
2603,M88279
2604,M88282
2605,M88338
2606,M88468
2607,M89473
2608,M89796
2609,M89914
2610,M90104
2611,M90299
2612,M90299
2613,M90391
2614,M90516_f
2615,M90656
2616,M90684_f
2617,M90684_i
2618,M90696
2619,M90820
2620,M91083
2621,M91196
2622,M91211
2623,M91368
2624,M91463
2625,M91467
2626,M91556
2627,M91585
2628,M91669
2629,M91669
2630,M91670_f
2631,M91670_r_i
2632,M92303
2633,M92383
2634,M92432
2635,M92449
2636,M92642
2637,M92843_i
2638,M93010
2639,M93119
2640,M93143
2641,M93143
2642,M93283_f
2643,M93283_i
2644,M93426_f
2645,M93426_i
2646,M93426_i
2647,M93426_r_i
2648,M93651
2649,M94055
2650,M94065
2651,M94077
2652,M94132
2653,M94173
2654,M94203
2655,M94250
2656,M94363
2657,M94547_f
2658,M94547_i
2659,M94890
2660,M94893
2661,M95167
2662,M95167
2663,M95178
2664,M95548
2665,M95586_f
2666,M95586_i
2667,M95586_i
2668,M95586_r_i
2669,M95586_r_i
2670,M95678
2671,M95712_f
2672,M95724_f
2673,M95740
2674,M95767
2675,M95787
2676,M95809
2677,M95929
2678,M96233
2679,M96322
2680,M96326
2681,M96577
2682,M96651
2683,M96789
2684,M96803
2685,M96824
2686,M96839_i
2687,M96839_r
2688,M96843_f
2689,M96843_i
2690,M96843_r_i
2691,M96859
2692,M96936
2693,M96944
2694,M96956
2695,M96980
2696,M97016
2697,M97016
2698,M97191_f
2699,M97191_i
2700,M97252_f
2701,M97252_r_i
2702,M97370
2703,M97388
2704,M97496
2705,M97639
2706,M97675_f
2707,M97675_f
2708,M97676
2709,M97759
2710,M97856_i
2711,M97925
2712,M98331
2713,M98343
2714,M98399
2715,M98478
2716,M98525
2717,M98528
2718,M99063
2719,M99422_f
2720,M99422_i
2721,M99422_r_i
2722,M99439
2723,M99487
2724,M99487
2725,M99564
2726,M99578
2727,M99626
2728,M99701
2729,R00044
2730,R00140
2731,R00234
2732,R00254
2733,R00273
2734,R00285
2735,R00451
2736,R00453_f
2737,R00453_i
2738,R00536
2739,R00544
2740,R00822
2741,R00861_f
2742,R00861_i
2743,R01072
2744,R01149
2745,R01154
2746,R01157
2747,R01194
2748,R01206
2749,R01216_f
2750,R01216_i
2751,R01221
2752,R01227
2753,R01430
2754,R01430
2755,R02151
2756,R02153_f
2757,R02153_i
2758,R02164
2759,R02293
2760,R02337
2761,R02362_f
2762,R02362_i
2763,R02558
2764,R02571
2765,R02585
2766,R02593_f
2767,R02593_i
2768,R05291
2769,R05315
2770,R05463
2771,R05465
2772,R05515
2773,R05707
2774,R05805
2775,R05820
2776,R05922_f
2777,R05922_i
2778,R05924
2779,R05941
2780,R06398
2781,R06414
2782,R06421
2783,R06421
2784,R06446
2785,R06580
2786,R06600
2787,R06601
2788,R06605
2789,R06627
2790,R06692
2791,R06716
2792,R06749
2793,R06764
2794,R06977_i
2795,R06977_i
2796,R06977_r
2797,R06977_r
2798,R07007
2799,R07121
2800,R07164
2801,R07333
2802,R07482
2803,R07482
2804,R07492
2805,R07708
2806,R08170_f
2807,R08175_i
2808,R08175_r
2809,R08273
2810,R08560
2811,R08578
2812,R08829_f
2813,R08829_i
2814,R09138
2815,R09217
2816,R09220
2817,R09245
2818,R09400
2819,R09468
2820,R09479
2821,R09480
2822,R09497
2823,R09502
2824,R09502
2825,R09532
2826,R09561_i
2827,R10142
2828,R10161
2829,R10370
2830,R10378_i
2831,R10396_i
2832,R10396_r
2833,R10590
2834,R10596
2835,R10620_f
2836,R10620_i
2837,R10620_r_i
2838,R10664
2839,R10681
2840,R11054
2841,R11064
2842,R11069
2843,R11516_f
2844,R11667
2845,R11676
2846,R12389
2847,R12405
2848,R12494
2849,R12588
2850,R12669
2851,R12676
2852,R12810
2853,R14852
2854,R14958_i
2855,R14958_r
2856,R15447_f
2857,R15740
2858,R15749
2859,R15814
2860,R15876
2861,R15926_f
2862,R15926_r_i
2863,R15944
2864,R16051
2865,R16077_i
2866,R16077_r
2867,R16095
2868,R16098
2869,R16153
2870,R16156_f
2871,R16199
2872,R16250_i
2873,R16541
2874,R16543
2875,R16547
2876,R16574
2877,R16659
2878,R16659
2879,R16665
2880,R16783
2881,R16804
2882,R16808
2883,R16815
2884,R16896
2885,R16910
2886,R16980
2887,R16980
2888,R17017
2889,R17059
2890,R17074
2891,R17685
2892,R17696
2893,R17909
2894,R17914
2895,R17928
2896,R17928
2897,R18109
2898,R18109
2899,R19189
2900,R19276
2901,R19361
2902,R20538
2903,R20554
2904,R20616
2905,R20649
2906,R20666
2907,R20791
2908,R20804
2909,R21226
2910,R21226
2911,R21416
2912,R21427
2913,R21737
2914,R21832
2915,R21857_i
2916,R21857_r
2917,R21901
2918,R22203
2919,R22228
2920,R22594
2921,R22779
2922,R22791
2923,R22816_f
2924,R22816_i
2925,R22953
2926,R23203
2927,R23246
2928,R23249
2929,R23889
2930,R23907
2931,R23924
2932,R24080
2933,R24194
2934,R24425_f
2935,R25120
2936,R25120
2937,R25657_f
2938,R26063
2939,R26063
2940,R26139
2941,R26146
2942,R26271
2943,R26456
2944,R26558
2945,R26614
2946,R26668
2947,R26717
2948,R26735
2949,R27017
2950,R27042
2951,R27310
2952,R27357
2953,R27369
2954,R27777
2955,R27813
2956,R28029_f
2957,R28029_i
2958,R28281
2959,R28371
2960,R30939_f
2961,R30939_i
2962,R30939_r_i
2963,R30940
2964,R31115
2965,R31259
2966,R31494
2967,R31518
2968,R31541
2969,R31571
2970,R31698_i
2971,R31698_r
2972,R31701
2973,R31938
2974,R32019
2975,R32374
2976,R32410_f
2977,R32446
2978,R32457_f
2979,R32457_i
2980,R32457_r_i
2981,R32478
2982,R32479
2983,R32511
2984,R32773
2985,R32804
2986,R32841
2987,R32858
2988,R32858
2989,R32864
2990,R33007_f
2991,R33007_i
2992,R33078
2993,R33078
2994,R33367
2995,R33465
2996,R33481
2997,R33498
2998,R33881_r
2999,R34098_i
3000,R34160_f
3001,R34245
3002,R34301
3003,R34359
3004,R34359
3005,R34701
3006,R34830
3007,R35645
3008,R35665
3009,R35885
3010,R35903
3011,R35976
3012,R35976
3013,R36455_f
3014,R36549
3015,R36644
3016,R36860
3017,R36905
3018,R36973
3019,R36976
3020,R37053
3021,R37112
3022,R37114
3023,R37128
3024,R37246
3025,R37276_i
3026,R37276_r
3027,R37412
3028,R37416
3029,R37417
3030,R37480
3031,R37660_s
3032,R37668_f
3033,R37741
3034,R37772_f
3035,R37772_i
3036,R37802
3037,R37837
3038,R37964
3039,R38017
3040,R38024
3041,R38198
3042,R38222
3043,R38284
3044,R38292
3045,R38444
3046,R38476
3047,R38513_f
3048,R38513_i
3049,R38513_r_i
3050,R38576
3051,R38604
3052,R38636
3053,R38646
3054,R38658
3055,R38700
3056,R38704
3057,R38758
3058,R39004
3059,R39004
3060,R39006
3061,R39010
3062,R39010
3063,R39044
3064,R39052
3065,R39111_f
3066,R39112
3067,R39130
3068,R39144_f
3069,R39184
3070,R39209_f
3071,R39209_r_i
3072,R39221
3073,R39315_i
3074,R39315_r
3075,R39317
3076,R39356_i
3077,R39483
3078,R39531
3079,R39540
3080,R39540
3081,R39575
3082,R39599
3083,R39681_i
3084,R39681_r
3085,R39835
3086,R39857
3087,R39904
3088,R39931
3089,R39932
3090,R39932
3091,R40017
3092,R40081
3093,R40184_i
3094,R40184_r
3095,R40244
3096,R40263
3097,R40387
3098,R40403
3099,R40403
3100,R40446
3101,R40550
3102,R40615
3103,R40676
3104,R40717_f
3105,R40717_i
3106,R40767
3107,R40776_f
3108,R40795
3109,R40817
3110,R40817
3111,R40899
3112,R40899
3113,R40932
3114,R41324
3115,R41325_f
3116,R41325_i
3117,R41366_f
3118,R41558
3119,R41561
3120,R41562
3121,R41592
3122,R41628
3123,R41673
3124,R41705_f
3125,R41705_i
3126,R41715
3127,R41759
3128,R41765
3129,R41791_f
3130,R41827
3131,R41866_f
3132,R41866_i
3133,R41866_r_i
3134,R41873
3135,R41881
3136,R41937
3137,R41941_f
3138,R41941_i
3139,R41941_r_i
3140,R41967
3141,R41973
3142,R41997
3143,R42029
3144,R42043
3145,R42070
3146,R42095
3147,R42152
3148,R42187
3149,R42235
3150,R42275
3151,R42291
3152,R42433
3153,R42496
3154,R42501
3155,R42507_f
3156,R42507_f
3157,R42560
3158,R42570
3159,R42625
3160,R42761
3161,R42762
3162,R42797
3163,R42837
3164,R42848
3165,R42848
3166,R42857
3167,R42898
3168,R42994_f
3169,R42994_i
3170,R43023
3171,R43064
3172,R43116
3173,R43119
3174,R43174
3175,R43189
3176,R43198
3177,R43249
3178,R43309
3179,R43344
3180,R43365
3181,R43452
3182,R43507
3183,R43524
3184,R43524
3185,R43532
3186,R43660
3187,R43660
3188,R43728
3189,R43734
3190,R43734
3191,R43769
3192,R43863
3193,R43911
3194,R43914
3195,R43928_f
3196,R43928_i
3197,R43931
3198,R43936
3199,R43942
3200,R43945
3201,R43953
3202,R43976
3203,R44007
3204,R44021
3205,R44057
3206,R44072
3207,R44112
3208,R44205
3209,R44259
3210,R44301
3211,R44342
3212,R44363
3213,R44418
3214,R44494
3215,R44574
3216,R44604
3217,R44628
3218,R44677_f
3219,R44677_i
3220,R44677_r_i
3221,R44692
3222,R44704
3223,R44720
3224,R44734
3225,R44734
3226,R44770
3227,R44798
3228,R44863
3229,R44887
3230,R44895
3231,R44970
3232,R45008_i
3233,R45008_r
3234,R45172
3235,R45222
3236,R45230
3237,R45296
3238,R45299
3239,R45324_f
3240,R45324_i
3241,R45324_i
3242,R45324_r_i
3243,R45349
3244,R45362
3245,R45364
3246,R45433
3247,R45442
3248,R45454_f
3249,R45454_i
3250,R45529
3251,R45543
3252,R45583
3253,R45589
3254,R45601
3255,R45646
3256,R45646
3257,R45666
3258,R45687
3259,R45943_i
3260,R45943_r
3261,R46069
3262,R46202
3263,R46354
3264,R46362
3265,R46483
3266,R46493
3267,R46512
3268,R46528
3269,R46576
3270,R46699_f
3271,R46699_i
3272,R46716
3273,R46731
3274,R46739
3275,R46740
3276,R46753_f
3277,R46756_f
3278,R46759
3279,R46792
3280,R47888
3281,R47961
3282,R47976
3283,R47985
3284,R48243
3285,R48274_f
3286,R48302
3287,R48303
3288,R48492
3289,R48578
3290,R48588
3291,R48602
3292,R48604
3293,R48613
3294,R48936_f
3295,R48936_f
3296,R48972
3297,R49008
3298,R49044
3299,R49046
3300,R49129
3301,R49144
3302,R49162_i
3303,R49162_r
3304,R49169
3305,R49173
3306,R49217
3307,R49220
3308,R49257_i
3309,R49257_r
3310,R49291
3311,R49293
3312,R49314
3313,R49346
3314,R49416
3315,R49420
3316,R49477
3317,R49510
3318,R49525_f
3319,R49525_f
3320,R49531
3321,R49542
3322,R49565
3323,R49670
3324,R49688
3325,R49719
3326,R49815
3327,R49825
3328,R49850
3329,R49884
3330,R49884
3331,R49964
3332,R50158
3333,R50325
3334,R50329
3335,R50337
3336,R50337
3337,R50354_f
3338,R50354_f
3339,R50367
3340,R50419
3341,R50460_f
3342,R50460_i
3343,R50475
3344,R50482
3345,R50505
3346,R50534
3347,R50684
3348,R50730
3349,R50736
3350,R50768_f
3351,R50768_i
3352,R50776
3353,R50839
3354,R50844_f
3355,R50844_f
3356,R50844_i
3357,R50844_r_i
3358,R50846
3359,R50864_f
3360,R50976
3361,R51015
3362,R51050
3363,R51077
3364,R51177
3365,R51200
3366,R51311
3367,R51322
3368,R51502
3369,R51547
3370,R51644
3371,R51749
3372,R51753
3373,R51768_f
3374,R51768_f
3375,R51768_i
3376,R51856
3377,R51861_f
3378,R51912
3379,R52000
3380,R52030
3381,R52038
3382,R52090
3383,R52271
3384,R52331
3385,R52393
3386,R52511
3387,R52521
3388,R52521
3389,R52613
3390,R52624
3391,R52644_f
3392,R52690
3393,R52703
3394,R52961_i
3395,R52961_r_i
3396,R53036
3397,R53038
3398,R53240
3399,R53243
3400,R53247
3401,R53587
3402,R53589
3403,R53610
3404,R53612
3405,R53633
3406,R53747
3407,R53769
3408,R53884
3409,R53931
3410,R53933
3411,R53936
3412,R53941_f
3413,R53941_i
3414,R53942
3415,R53966
3416,R53967
3417,R53998
3418,R54061
3419,R54061
3420,R54183_f
3421,R54317
3422,R54339
3423,R54401
3424,R54467_f
3425,R54471
3426,R54492
3427,R54494
3428,R54568
3429,R54618
3430,R54618
3431,R54665
3432,R54726
3433,R54818
3434,R54837
3435,R54838
3436,R54846
3437,R54854
3438,R54957
3439,R55041_f
3440,R55041_r_i
3441,R55185
3442,R55204
3443,R55204
3444,R55241
3445,R55296
3446,R55303_f
3447,R55303_r_i
3448,R55310
3449,R55344
3450,R55344
3451,R55358
3452,R55358
3453,R55372
3454,R55687
3455,R55748
3456,R55750
3457,R55773
3458,R55778
3459,R55782_f
3460,R55782_i
3461,R55782_r_i
3462,R55789
3463,R55800
3464,R55828
3465,R55965
3466,R56038
3467,R56052
3468,R56207
3469,R56221
3470,R56399
3471,R56401
3472,R56630
3473,R56632
3474,R56825
3475,R56872
3476,R56881
3477,R56892_i
3478,R58976
3479,R59152
3480,R59199
3481,R59212
3482,R59308
3483,R59308
3484,R59312
3485,R59380
3486,R59505
3487,R59537
3488,R59537
3489,R59552
3490,R59560
3491,R59575_f
3492,R59577
3493,R59582
3494,R59902_r_i
3495,R59919
3496,R59934_f
3497,R59934_i
3498,R59977
3499,R60023
3500,R60141
3501,R60174
3502,R60174
3503,R60217
3504,R60313
3505,R60318
3506,R60332_f
3507,R60332_i
3508,R60338
3509,R60339
3510,R60357
3511,R60508
3512,R60583_f
3513,R60583_i
3514,R60583_r_i
3515,R60739
3516,R60741
3517,R60749
3518,R60877
3519,R60883
3520,R60892
3521,R60906
3522,R60944
3523,R60944
3524,R60956
3525,R60977
3526,R61249
3527,R61309
3528,R61309
3529,R61319
3530,R61319
3531,R61352
3532,R61366
3533,R61381_r
3534,R61502
3535,R61535
3536,R61831_i
3537,R61831_i
3538,R61831_r_i
3539,R61831_r_i
3540,R61831_s
3541,R61874_r_i
3542,R62169
3543,R62425
3544,R62438
3545,R62459
3546,R62463
3547,R62940
3548,R62940
3549,R62946_f
3550,R62946_i
3551,R63388
3552,R63621
3553,R63683
3554,R63714
3555,R63714
3556,R63734
3557,R63934
3558,R63934
3559,R64125
3560,R64130
3561,R64604
3562,R64705
3563,R66314_f
3564,R66383
3565,R66902
3566,R67003
3567,R67013
3568,R67018
3569,R67027
3570,R67030
3571,R67072
3572,R67275
3573,R67280
3574,R67283
3575,R67315
3576,R67358_f
3577,R67557_f
3578,R67557_f
3579,R67868
3580,R67921
3581,R67987_f
3582,R67999
3583,R68568
3584,R68658
3585,R68987
3586,R68987
3587,R69071
3588,R69100
3589,R69113
3590,R69154
3591,R69161
3592,R69440
3593,R69448_f
3594,R69448_r_i
3595,R69456
3596,R69456
3597,R69552
3598,R69862
3599,R70008_f
3600,R70008_i
3601,R70008_r_i
3602,R70016
3603,R70200
3604,R70253
3605,R70383
3606,R70479_f
3607,R70505
3608,R70535
3609,R70790
3610,R70806
3611,R71195
3612,R71251_f
3613,R71251_i
3614,R71251_r_i
3615,R71383
3616,R71401
3617,R71467_i
3618,R71496
3619,R71505
3620,R71585
3621,R71651_f
3622,R71651_r_i
3623,R71783
3624,R71875
3625,R72104
3626,R72164
3627,R72295
3628,R72296
3629,R72300
3630,R72439
3631,R72653
3632,R72819_f
3633,R72819_f
3634,R72827
3635,R72846
3636,R72859
3637,R72874
3638,R73052
3639,R73128
3640,R73487
3641,R73490
3642,R73514
3643,R73660
3644,R73844_i
3645,R73850
3646,R74066
3647,R74169
3648,R74203
3649,R74208
3650,R74326
3651,R74345
3652,R74349_f
3653,R74349_i
3654,R74349_r_i
3655,R74364
3656,R74388
3657,R74388
3658,R74454
3659,R74522
3660,R75641
3661,R75820
3662,R75843
3663,R75893_f
3664,R76248
3665,R76263
3666,R76469
3667,R76469
3668,R77210
3669,R77214
3670,R77220
3671,R77255
3672,R77282
3673,R77447
3674,R77503
3675,R77633_f
3676,R77633_i
3677,R77633_r_i
3678,R77751
3679,R77780
3680,R77794
3681,R77824
3682,R78220
3683,R78291
3684,R78360
3685,R78449
3686,R78478
3687,R78581
3688,R78581
3689,R78709
3690,R78927
3691,R78934_f
3692,R78934_i
3693,R78934_i
3694,R78934_r_i
3695,R78934_r_i
3696,R78950
3697,R79368
3698,R79444
3699,R79784_f
3700,R79784_i
3701,R79784_i
3702,R79785
3703,R79804
3704,R79935
3705,R79948_f
3706,R79948_i
3707,R79948_r_i
3708,R79960
3709,R80141
3710,R80179_f
3711,R80184
3712,R80216
3713,R80235
3714,R80235
3715,R80402
3716,R80402
3717,R80612
3718,R80668
3719,R80703
3720,R80778
3721,R80779_f
3722,R80779_i
3723,R80855
3724,R80966
3725,R81170
3726,R81330_f
3727,R81353
3728,R81358
3729,R81812_f
3730,R81816
3731,R81959
3732,R82523_i
3733,R82523_r_i
3734,R82523_r_i
3735,R82597
3736,R82656
3737,R82656
3738,R82667
3739,R82938
3740,R82964
3741,R83000
3742,R83024
3743,R83024
3744,R83027
3745,R83313_f
3746,R83349
3747,R83364
3748,R83904
3749,R83923
3750,R84974
3751,R85266
3752,R85282_f
3753,R85366_f
3754,R85366_i
3755,R85474
3756,R85482_f
3757,R85482_i
3758,R85558
3759,R85613
3760,R85616
3761,R85654_f
3762,R85674
3763,R85674
3764,R85690
3765,R85938
3766,R85981_f
3767,R85981_i
3768,R86696
3769,R86842
3770,R86937_i
3771,R86937_i
3772,R86937_r
3773,R86960
3774,R87126_f
3775,R87126_i
3776,R87218
3777,R87218
3778,R87747
3779,R87762
3780,R87970
3781,R88267
3782,R88267
3783,R88520
3784,R88575
3785,R88736
3786,R88740
3787,R88747
3788,R89046
3789,R89067_i
3790,R89067_i
3791,R89067_r
3792,R89084
3793,R89278_f
3794,R89278_f
3795,R89278_i
3796,R89477
3797,R89566
3798,R89567
3799,R89567
3800,R89715_f
3801,R89715_i
3802,R89850
3803,R91051
3804,R91064
3805,R91438
3806,R91570
3807,R91573
3808,R91922
3809,R91930
3810,R92153
3811,R92183
3812,R92183
3813,R92716
3814,R92716
3815,R93130
3816,R93141
3817,R93176
3818,R93208
3819,R93211
3820,R93337
3821,R93404_f
3822,R93738_f
3823,R93738_i
3824,R93738_i
3825,R94219
3826,R94465
3827,R94500
3828,R94513
3829,R94529
3830,R94588_f
3831,R94588_i
3832,R94861
3833,R94942
3834,R94967_f
3835,R94967_i
3836,R94969
3837,R95747
3838,R95765
3839,R95963
3840,R95977
3841,R96070
3842,R96083
3843,R96217
3844,R96220
3845,R96357
3846,R96358
3847,R96656_i
3848,R96656_r_i
3849,R96721
3850,R97099
3851,R97303_i
3852,R97691
3853,R97805
3854,R97831
3855,R97833
3856,R97912
3857,R97980
3858,R97980
3859,R97985
3860,R98008
3861,R98017
3862,R98189_f
3863,R98410
3864,R98600
3865,R98834
3866,R98842
3867,R98945_f
3868,R98945_i
3869,R98947
3870,R98947
3871,R98959
3872,R98986
3873,R99177
3874,R99185
3875,R99200
3876,R99202
3877,R99208
3878,R99527
3879,R99578_i
3880,R99578_r_i
3881,R99591
3882,R99601
3883,R99808
3884,R99833
3885,R99838
3886,R99846
3887,R99907_f
3888,R99907_i
3889,R99907_r_i
3890,R99916
3891,R99946
3892,T40440
3893,T40454_i
3894,T40467
3895,T40467
3896,T40507
3897,T40568_i
3898,T40568_r
3899,T40578
3900,T40578
3901,T40608
3902,T40634
3903,T40637
3904,T40645
3905,T40653_i
3906,T40653_r
3907,T40701
3908,T40726
3909,T40912
3910,T40922
3911,T40925
3912,T40949_f
3913,T40949_f
3914,T40973
3915,T41074_f
3916,T41078
3917,T41094
3918,T41117
3919,T41135
3920,T41139
3921,T41159
3922,T41199
3923,T41199
3924,T41204
3925,T41210_i
3926,T41210_r
3927,T46880
3928,T46924
3929,T46924
3930,T46933
3931,T46996
3932,T47213
3933,T47234
3934,T47234
3935,T47276
3936,T47297
3937,T47297
3938,T47330
3939,T47377
3940,T47383
3941,T47424
3942,T47424
3943,T47566
3944,T47584
3945,T47601
3946,T47645
3947,T47964
3948,T48039
3949,T48041
3950,T48161
3951,T48296
3952,T48612
3953,T48649
3954,T48692
3955,T48759
3956,T48939
3957,T48950_f
3958,T48950_i
3959,T48950_r_i
3960,T49192_r
3961,T49194
3962,T49204
3963,T49208
3964,T49279
3965,T49327
3966,T49397_f
3967,T49423
3968,T49429
3969,T49484
3970,T49484
3971,T49647_f
3972,T49703
3973,T49728
3974,T49838
3975,T49945
3976,T50086
3977,T50113
3978,T50211
3979,T50321
3980,T50344
3981,T50389
3982,T50397
3983,T50511
3984,T50661
3985,T50678_i
3986,T50769
3987,T50787
3988,T50796
3989,T50971
3990,T50974
3991,T50986
3992,T51139
3993,T51150
3994,T51206
3995,T51211
3996,T51244_f
3997,T51244_r_i
3998,T51288
3999,T51496
4000,T51534
4001,T51539
4002,T51558
4003,T51560
4004,T51570
4005,T51574
4006,T51576
4007,T51617
4008,T51621
4009,T51852
4010,T51856
4011,T51913
4012,T51944
4013,T51955
4014,T52003_i
4015,T52014
4016,T52015
4017,T52017
4018,T52017
4019,T52150
4020,T52185
4021,T52201
4022,T52342_i
4023,T52342_r
4024,T52343
4025,T52362_f
4026,T52374
4027,T52484
4028,T52484
4029,T52506
4030,T52520
4031,T52521
4032,T52529_i
4033,T52529_r_i
4034,T52624
4035,T52642
4036,T52678
4037,T52698
4038,T52806
4039,T52869
4040,T52882_f
4041,T52882_i
4042,T52905
4043,T53118
4044,T53138
4045,T53244_f
4046,T53244_i
4047,T53244_i
4048,T53277
4049,T53360
4050,T53389
4051,T53396_i
4052,T53396_r_i
4053,T53429
4054,T53535
4055,T53549
4056,T53609
4057,T53694
4058,T53830_f
4059,T53830_i
4060,T53889
4061,T54086
4062,T54095
4063,T54155
4064,T54276
4065,T54278
4066,T54303
4067,T54317
4068,T54360
4069,T54547
4070,T54650
4071,T54662
4072,T54670
4073,T54767
4074,T55008
4075,T55101
4076,T55117
4077,T55131
4078,T55255
4079,T55404
4080,T55558_f
4081,T55558_r_i
4082,T55607
4083,T55612
4084,T55709_f
4085,T55709_i
4086,T55709_r_i
4087,T55731
4088,T55741
4089,T55741
4090,T55840
4091,T55871
4092,T56011
4093,T56016
4094,T56191
4095,T56260
4096,T56279
4097,T56454
4098,T56454
4099,T56460
4100,T56470
4101,T56622
4102,T56674
4103,T56750
4104,T56771
4105,T56807
4106,T56858
4107,T56858
4108,T56934
4109,T57002
4110,T57079
4111,T57087
4112,T57124
4113,T57238
4114,T57535
4115,T57653
4116,T57701
4117,T57780_i
4118,T57780_r
4119,T57824
4120,T57872
4121,T57875_f
4122,T57875_i
4123,T57882_i
4124,T57882_r
4125,T57904
4126,T58029
4127,T58353
4128,T58509
4129,T58610
4130,T58645
4131,T58731_i
4132,T58992
4133,T59037
4134,T59167
4135,T59406_i
4136,T59406_r
4137,T59427
4138,T59528
4139,T59529
4140,T59627_f
4141,T59682
4142,T59684
4143,T59895
4144,T59930_f
4145,T59930_i
4146,T59946
4147,T59954
4148,T60155
4149,T60326
4150,T60429
4151,T60437
4152,T60456_f
4153,T60778_f
4154,T60778_i
4155,T60778_i
4156,T60780
4157,T60849
4158,T60860
4159,T61071
4160,T61077_f
4161,T61090
4162,T61333_f
4163,T61333_f
4164,T61338
4165,T61355
4166,T61446_f
4167,T61564
4168,T61591
4169,T61597
4170,T61599
4171,T61602
4172,T61609_f
4173,T61627_i
4174,T61627_i
4175,T61627_r
4176,T61632
4177,T61682
4178,T61750
4179,T61857
4180,T61867
4181,T61949
4182,T61950_f
4183,T62054
4184,T62054
4185,T62067
4186,T62083
4187,T62191_f
4188,T62198
4189,T62215
4190,T62541
4191,T62563
4192,T62568_f
4193,T62568_i
4194,T62635
4195,T63047
4196,T63052
4197,T63266
4198,T63370
4199,T63420
4200,T63483
4201,T63484
4202,T63496
4203,T63520
4204,T63591
4205,T63597
4206,T63598
4207,T63612
4208,T63613
4209,T63887
4210,T64001
4211,T64004
4212,T64004
4213,T64012
4214,T64026
4215,T64128
4216,T64134
4217,T64142
4218,T64163
4219,T64167
4220,T64171
4221,T64171
4222,T64207
4223,T64297
4224,T64298
4225,T64467
4226,T64470
4227,T64491
4228,T64576
4229,T64669
4230,T64878_i
4231,T64878_r
4232,T64885
4233,T64901
4234,T64923
4235,T64941
4236,T64983
4237,T65024
4238,T65046
4239,T65055
4240,T65061
4241,T65228
4242,T65380
4243,T65384
4244,T65444
4245,T65541
4246,T65562
4247,T65594_f
4248,T65594_f
4249,T65594_i
4250,T65594_r_i
4251,T65597_f
4252,T65770
4253,T65790
4254,T65844
4255,T65859
4256,T65872_f
4257,T65872_i
4258,T65872_r_i
4259,T66286_f
4260,T66286_f
4261,T66286_i
4262,T66307
4263,T66747
4264,T66799
4265,T66823
4266,T66823
4267,T66871
4268,T66871
4269,T66960
4270,T67006
4271,T67051
4272,T67077
4273,T67077
4274,T67173_i
4275,T67173_r
4276,T67257
4277,T67406
4278,T67414
4279,T67422
4280,T67475
4281,T67511
4282,T67549
4283,T67689
4284,T67703
4285,T67704
4286,T67897
4287,T67905
4288,T67915
4289,T67921
4290,T67986
4291,T67994
4292,T68115
4293,T68167
4294,T68283
4295,T68426
4296,T68450
4297,T68541_f
4298,T68542
4299,T68706
4300,T68722
4301,T68848
4302,T68853
4303,T68853
4304,T68979_f
4305,T68979_i
4306,T68979_i
4307,T69020
4308,T69021
4309,T69026
4310,T69030
4311,T69122
4312,T69265
4313,T69271
4314,T69308
4315,T69422_f
4316,T69422_i
4317,T69425
4318,T69450
4319,T69468
4320,T69603
4321,T69748
4322,T70058
4323,T70063
4324,T70197
4325,T70257
4326,T70564
4327,T70595
4328,T70891
4329,T70893
4330,T70899_i
4331,T70899_r
4332,T70920_f
4333,T70920_i
4334,T70920_r_i
4335,T71001
4336,T71009
4337,T71009
4338,T71025
4339,T71207
4340,T71306
4341,T71363
4342,T71553_f
4343,T71574
4344,T71609
4345,T71612
4346,T71643
4347,T71645_f
4348,T71645_i
4349,T71645_r_i
4350,T71646
4351,T71649
4352,T71662
4353,T71662
4354,T71764
4355,T72087
4356,T72171
4357,T72175
4358,T72203
4359,T72257
4360,T72336
4361,T72403_i
4362,T72403_r
4363,T72449
4364,T72582
4365,T72599_f
4366,T72610_f
4367,T72622
4368,T72625
4369,T72632
4370,T72870
4371,T72879
4372,T72905
4373,T73005_f
4374,T73005_i
4375,T73015
4376,T73089
4377,T73247
4378,T73247
4379,T73337
4380,T73788_f
4381,T73815
4382,T74249
4383,T74256
4384,T74257
4385,T74272
4386,T74556
4387,T74567
4388,T74614_f
4389,T74614_i
4390,T74614_r_i
4391,T74896
4392,T74904
4393,T74906_i
4394,T74906_r
4395,T75577
4396,T76970_f
4397,T76970_i
4398,T76971
4399,T76972
4400,T77537
4401,T77829
4402,T77840
4403,T78002
4404,T78091
4405,T78096
4406,T78395
4407,T78430
4408,T78477
4409,T78485
4410,T78585
4411,T78606
4412,T78610
4413,T78624
4414,T78876
4415,T79161
4416,T79169
4417,T79421
4418,T79426
4419,T79475
4420,T79592
4421,T79595
4422,T79616
4423,T79846
4424,T79849
4425,T80050
4426,T80178_i
4427,T80849
4428,T80849
4429,T80987
4430,T81098
4431,T81098
4432,T81103
4433,T81369
4434,T81459
4435,T81460_i
4436,T81492_f
4437,T81492_i
4438,T82459
4439,T82459
4440,T82470
4441,T83361
4442,T83368
4443,T83644
4444,T83672
4445,T83673
4446,T83887
4447,T83937
4448,T83942
4449,T83969
4450,T83985
4451,T84038
4452,T84057
4453,T84082
4454,T84099_f
4455,T84099_i
4456,T84481
4457,T85165
4458,T85166
4459,T85247
4460,T85544
4461,T85572
4462,T86142
4463,T86161
4464,T86173
4465,T86300
4466,T86307
4467,T86332
4468,T86444
4469,T86469
4470,T86482
4471,T86679
4472,T86684
4473,T86708
4474,T86736
4475,T86745
4476,T86754
4477,T86914
4478,T86928
4479,T86932
4480,T87527
4481,T87698
4482,T87800
4483,T87862
4484,T87866_f
4485,T87871_r
4486,T87873
4487,T88712
4488,T88721
4489,T88723
4490,T88805
4491,T88902
4492,T89028
4493,T89028
4494,T89084
4495,T89164
4496,T89175_i
4497,T89175_r
4498,T89422
4499,T89438_f
4500,T89649
4501,T89666
4502,T89669
4503,T89676
4504,T89730
4505,T89980
4506,T89991
4507,T90192
4508,T90203
4509,T90280
4510,T90345
4511,T90350_f
4512,T90444
4513,T90549_f
4514,T90570
4515,T90632
4516,T90668
4517,T90736
4518,T90736
4519,T90774_r
4520,T90789
4521,T90791_i
4522,T90791_r
4523,T90851
4524,T90857
4525,T90925
4526,T90980
4527,T91043
4528,T91121
4529,T91160_f
4530,T91230
4531,T91510_i
4532,T91563
4533,T91760
4534,T91869
4535,T91954
4536,T92195_f
4537,T92195_i
4538,T92195_r_i
4539,T92248
4540,T92259
4541,T92350
4542,T92782
4543,T92939
4544,T93267
4545,T93272_f
4546,T93284_f
4547,T93295
4548,T93317
4549,T93343
4550,T93888_f
4551,T94092
4552,T94092
4553,T94350_f
4554,T94350_i
4555,T94426
4556,T94579
4557,T94781
4558,T94781
4559,T94832
4560,T94885
4561,T94993_f
4562,T95014
4563,T95046
4564,T95052_f
4565,T95078
4566,T95291
4567,T95509
4568,T95509
4569,T95612
4570,T95807
4571,T96144
4572,T96364
4573,T96548
4574,T96621
4575,T96816_f
4576,T96832
4577,T96942
4578,T97002
4579,T97152
4580,T97181
4581,T97194
4582,T97199
4583,T97203
4584,T97209
4585,T97591
4586,T97724_f
4587,T97724_i
4588,T97890
4589,T97948
4590,T98002
4591,T98616
4592,T98665
4593,T98783
4594,T98796
4595,T98803
4596,T98848
4597,T98925
4598,T99080_r
4599,T99219
4600,T99303
4601,T99380_f
4602,T99380_i
4603,T99451_f
4604,T99451_r_i
4605,T99470
4606,T99470
4607,T99478
4608,T99498
4609,T99498_i
4610,T99532
4611,T99774
4612,U00001
4613,U00115_f
4614,U01038
4615,U01062
4616,U01120
4617,U01134
4618,U01147
4619,U01157
4620,U01244_i
4621,U01691
4622,U01828
4623,U01833
4624,U02019
4625,U02031
4626,U02076
4627,U02082
4628,U02309
4629,U02310
4630,U02326
4631,U02327
4632,U02328
4633,U02388
4634,U02388
4635,U02520
4636,U02556_i
4637,U02556_r
4638,U02570
4639,U02609
4640,U02609
4641,U02619
4642,U02632
4643,U02680
4644,U02687
4645,U02882
4646,U03056
4647,U03056
4648,U03090
4649,U03090
4650,U03100
4651,U03105
4652,U03106_i
4653,U03106_r
4654,U03187_i
4655,U03272
4656,U03399
4657,U03464
4658,U03494
4659,U03634
4660,U03688
4661,U03735_i
4662,U03735_i
4663,U03749
4664,U03851
4665,U03858
4666,U03865
4667,U03877
4668,U03882
4669,U03884
4670,U03886
4671,U04209
4672,U04241
4673,U04270
4674,U04313
4675,U04343
4676,U04636_i
4677,U04636_r
4678,U04806_f
4679,U04806_i
4680,U04806_i
4681,U04811
4682,U04840
4683,U04847
4684,U04897
4685,U04897
4686,U04953
4687,U05012_f
4688,U05012_i
4689,U05227
4690,U05237
4691,U05259
4692,U05291
4693,U05315
4694,U05569
4695,U05572
4696,U05589
4697,U05589
4698,U05596
4699,U06233
4700,U06452
4701,U06454
4702,U06454
4703,U06631
4704,U06641_i
4705,U06641_r
4706,U06643_f
4707,U06643_i
4708,U06698
4709,U06711
4710,U06715
4711,U06863
4712,U07149
4713,U07231
4714,U07349
4715,U07358
4716,U07358
4717,U07364
4718,U07364
4719,U07559
4720,U07620
4721,U07681
4722,U07695_f
4723,U07695_r_i
4724,U07747
4725,U07802
4726,U07882
4727,U07919
4728,U08006
4729,U08015
4730,U08023
4731,U08098_f
4732,U08098_i
4733,U08137
4734,U08191
4735,U08198
4736,U08336
4737,U08438
4738,U08818
4739,U08818
4740,U08854
4741,U08998_f
4742,U09002
4743,U09088
4744,U09278
4745,U09279
4746,U09284_f
4747,U09284_i
4748,U09304
4749,U09347
4750,U09368
4751,U09411
4752,U09413
4753,U09414
4754,U09477_f
4755,U09477_i
4756,U09564
4757,U09582
4758,U09587
4759,U09609
4760,U09623
4761,U09646
4762,U09770
4763,U09825
4764,U09848
4765,U09850
4766,U09851
4767,U09851
4768,U09860
4769,U09873
4770,U10116
4771,U10117_f
4772,U10117_i
4773,U10301
4774,U10324
4775,U10417_f
4776,U10417_i
4777,U10550
4778,U10686
4779,U10687
4780,U10689
4781,U10693
4782,U10694
4783,U10886
4784,U10991
4785,U11037
4786,U11050
4787,U11058
4788,U11090
4789,U11700
4790,U11732
4791,U11732
4792,U11791
4793,U11813
4794,U11813
4795,U11814
4796,U11870
4797,U12255_r
4798,U12387
4799,U12431
4800,U12535_i
4801,U12535_r
4802,U12569
4803,U12597
4804,U12767
4805,U12778
4806,U12779
4807,U12978
4808,U13022
4809,U13044
4810,U13047
4811,U13061
4812,U13061
4813,U13216
4814,U13616_f
4815,U13616_i
4816,U13616_r_i
4817,U13680
4818,U13737
4819,U13877
4820,U13896
4821,U13948
4822,U13991
4823,U14383
4824,U14391
4825,U14394_f
4826,U14394_f
4827,U14394_i
4828,U14394_r_i
4829,U14417
4830,U14518
4831,U14528
4832,U14550
4833,U14575
4834,U14577
4835,U14588
4836,U14603
4837,U14650
4838,U14658_f
4839,U14747
4840,U14755
4841,U14910
4842,U14957_f
4843,U14957_i
4844,U15085
4845,U15172
4846,U15174
4847,U15212
4848,U15306
4849,U15555
4850,U15655
4851,U15688
4852,U15689
4853,U15782
4854,U15932
4855,U16127
4856,U16282
4857,U16296
4858,U16307
4859,U16752
4860,U16811_i
4861,U16811_r
4862,U16954_r
4863,U16997
4864,U16997
4865,U17032
4866,U17033
4867,U17034
4868,U17077
4869,U17163
4870,U17195
4871,U17280
4872,U17418
4873,U17473
4874,U17566
4875,U17899
4876,U17989
4877,U18062
4878,U18088
4879,U18235
4880,U18242
4881,U18247
4882,U18259
4883,U18288
4884,U18291_f
4885,U18299
4886,U18300
4887,U18420_r
4888,U18422
4889,U18543
4890,U18549
4891,U18745
4892,U18914
4893,U18918
4894,U18920
4895,U18934_i
4896,U18985
4897,U19107
4898,U19142
4899,U19178
4900,U19180
4901,U19251
4902,U19252
4903,U19261
4904,U19345
4905,U19487
4906,U19517
4907,U19518
4908,U19523
4909,U19523
4910,U19557
4911,U19568
4912,U19718
4913,U19765
4914,U19796
4915,U19878
4916,U19969
4917,U19977
4918,U20158
4919,U20240
4920,U20280
4921,U20285
4922,U20325
4923,U20325
4924,U20350
4925,U20362
4926,U20428
4927,U20510
4928,U20537
4929,U20537
4930,U20582
4931,U20648
4932,U20760
4933,U20860
4934,U20938
4935,U20982
4936,U21090
4937,U21108
4938,U21128
4939,U21663
4940,U21858_f
4941,U21909
4942,U21914
4943,U21931
4944,U21936
4945,U21938
4946,U22055
4947,U22233
4948,U22312
4949,U22322
4950,U22322
4951,U22431
4952,U22526
4953,U22816
4954,U22897
4955,U22963
4956,U23157
4957,U23435
4958,U23435
4959,U23736
4960,U23752
4961,U23803
4962,U23852
4963,U23942
4964,U24055
4965,U24076_f
4966,U24077_f
4967,U24105
4968,U24153
4969,U24389
4970,U24660
4971,U25041
4972,U25041
4973,U25128
4974,U25138
4975,U25433
4976,U25435
4977,U25441
4978,U25441
4979,U25657
4980,U25676
4981,U25676
4982,U25771
4983,U25779
4984,U25975
4985,U26174
4986,U26398
4987,U26401
4988,U26403
4989,U26425
4990,U26648
4991,U26710
4992,U26712
4993,U27109
4994,U27143_f
4995,U27185
4996,U27266
4997,U27328
4998,U27460
4999,U27467
5000,U27831
5001,U28015
5002,U28015
5003,U28043_f
5004,U28049
5005,U28131
5006,U28170_f
5007,U28249
5008,U28251
5009,U28281
5010,U28368
5011,U28369
5012,U28369
5013,U28389
5014,U28686
5015,U28687
5016,U28694
5017,U29195
5018,U29344_r
5019,U29344_r
5020,U29589
5021,U29607
5022,U29725
5023,U29725
5024,U30521
5025,U30707
5026,U30825
5027,U30827
5028,U30828
5029,U30872
5030,U30884
5031,U31099
5032,U31116
5033,U31120
5034,U31176
5035,U31176
5036,U31215
5037,U31248_i
5038,U31248_r_i
5039,U31278
5040,U31346
5041,U31382
5042,U31383
5043,U31525
5044,U31556
5045,U31601
5046,U31875
5047,U31973
5048,U31973
5049,U32331
5050,U32331
5051,U32376
5052,U32500
5053,U32519
5054,U32974
5055,U32989
5056,U33017
5057,U33017
5058,U33053_f
5059,U33054
5060,U33328
5061,U33429
5062,U33635
5063,U33749
5064,U33761
5065,U33849
5066,U33921
5067,U34038
5068,U34252
5069,U34355
5070,U34355
5071,U34846
5072,U34976
5073,U34976
5074,U35100
5075,U35113
5076,U35143
5077,U35376
5078,U35398_f
5079,U35398_i
5080,U35835
5081,U36310
5082,U36448
5083,U36601
5084,U36621
5085,U36621
5086,U36798
5087,U37019
5088,U37146
5089,U37251_f
5090,U37251_i
5091,U37251_r_i
5092,U37408
5093,U37519
5094,U37529
5095,U37673_f
5096,U37690_i
5097,U37690_r
5098,U37707
5099,U37707
5100,U38175
5101,U38480_f
5102,U38864
5103,U38896
5104,U39050
5105,U39195
5106,U39196
5107,U39231
5108,U39817
5109,U39840
5110,V00511
5111,V00520_i
5112,V00520_i
5113,V00532_f
5114,V00532_i
5115,V00533_f
5116,V00533_i
5117,V00533_r_i
5118,V00536
5119,V00541
5120,V00541
5121,V00563
5122,V00563
5123,V00571
5124,X00088
5125,X00089
5126,X00090_f
5127,X00090_i
5128,X00356
5129,X00474
5130,X00491
5131,X00588
5132,X00700_f
5133,X01057
5134,X01060
5135,X01410
5136,X01417
5137,X02157
5138,X02160_f
5139,X02228
5140,X02492
5141,X02530
5142,X02744_i
5143,X02744_r
5144,X02750
5145,X02751
5146,X02751
5147,X02761
5148,X02812
5149,X02874
5150,X02875_f
5151,X03066
5152,X03066
5153,X03348
5154,X03438
5155,X03635
5156,X03635
5157,X03663
5158,X03674
5159,X03794
5160,X04011
5161,X04076
5162,X04297
5163,X04325
5164,X04366
5165,X04391
5166,X04434
5167,X04450
5168,X04500
5169,X04571
5170,X04827
5171,X04828
5172,X05130
5173,X05231
5174,X05231
5175,X05232
5176,X05276
5177,X05299
5178,X05299
5179,X05309
5180,X05610
5181,X05615
5182,X05615
5183,X05825
5184,X05908
5185,X05978
5186,X06256
5187,X06272
5188,X06290
5189,X06374
5190,X06389
5191,X06557
5192,X06562
5193,X06562
5194,X06614_f
5195,X06614_r_i
5196,X06661
5197,X06700
5198,X06745
5199,X06815_i
5200,X06825
5201,X06956
5202,X06985
5203,X07024
5204,X07109
5205,X07203
5206,X07290
5207,X07384
5208,X07495_i
5209,X07495_r
5210,X07695
5211,X07743
5212,X07820
5213,X07834
5214,X07862
5215,X07876_i
5216,X07876_r
5217,X07876_r
5218,X07881_f
5219,X07881_i
5220,X07882
5221,X07936
5222,X07948
5223,X07979
5224,X07994
5225,X12369
5226,X12466
5227,X12496
5228,X12548
5229,X12654
5230,X12791
5231,X12892
5232,X12901
5233,X13097
5234,X13227
5235,X13255
5236,X13293
5237,X13445
5238,X13451
5239,X13482
5240,X13810
5241,X13897_i
5242,X13897_r
5243,X13897_r
5244,X13916
5245,X13956
5246,X13967
5247,X13988
5248,X14046_f
5249,X14149
5250,X14329
5251,X14329
5252,X14346
5253,X14346
5254,X14355
5255,X14356_f
5256,X14362
5257,X14390
5258,X14445
5259,X14618
5260,X14787
5261,X14830
5262,X14850
5263,X14894
5264,X14958
5265,X14968
5266,X14974
5267,X15149
5268,X15215
5269,X15217
5270,X15218
5271,X15219_f
5272,X15219_i
5273,X15357_i
5274,X15357_r
5275,X15357_r
5276,X15376
5277,X15422
5278,X15505
5279,X15573
5280,X15722
5281,X15822_f
5282,X15882
5283,X15943
5284,X15949_i
5285,X15949_i
5286,X15949_r
5287,X16070_f
5288,X16070_r_i
5289,X16070_r_i
5290,X16135
5291,X16155
5292,X16155
5293,X16281
5294,X16316
5295,X16323
5296,X16351
5297,X16354
5298,X16356
5299,X16396
5300,X16416
5301,X16504_f
5302,X16662
5303,X16663
5304,X16665
5305,X16665
5306,X16666
5307,X16667
5308,X16699
5309,X16707
5310,X16901
5311,X16983
5312,X17042_f
5313,X17042_r_i
5314,X17070
5315,X17094_i
5316,X17094_r
5317,X17097_f
5318,X17273_f
5319,X17360
5320,X17405
5321,X17543
5322,X17576
5323,X17622
5324,X17644
5325,X17650
5326,X17668
5327,X51362
5328,X51362
5329,X51445
5330,X51521
5331,X51602
5332,X51630
5333,X51699_i
5334,X51699_r_i
5335,X51730
5336,X51758
5337,X51798
5338,X51801
5339,X51943
5340,X52001
5341,X52008
5342,X52009_f
5343,X52011
5344,X52015
5345,X52056
5346,X52075
5347,X52142
5348,X52192
5349,X52220
5350,X52228
5351,X52229
5352,X52425
5353,X52426
5354,X52479
5355,X52486
5356,X52520_f
5357,X52520_r_i
5358,X52541_f
5359,X52947
5360,X53004_f
5361,X53179_i
5362,X53179_r
5363,X53321
5364,X53416_r
5365,X53461_r
5366,X53468
5367,X53655_f
5368,X53741
5369,X53742
5370,X53743_f
5371,X53743_i
5372,X53793_f
5373,X53795
5374,X53799
5375,X54131_f
5376,X54131_f
5377,X54131_i
5378,X54150
5379,X54156
5380,X54162
5381,X54163_f
5382,X54232
5383,X54380
5384,X54457
5385,X54457
5386,X54489
5387,X54489
5388,X54667
5389,X54673
5390,X54741
5391,X54867_f
5392,X54869_f
5393,X54870
5394,X54871
5395,X54936_f
5396,X54936_i
5397,X54936_r_i
5398,X54937
5399,X54941
5400,X54942_f
5401,X54942_i
5402,X55005
5403,X55019
5404,X55177
5405,X55187_f
5406,X55330
5407,X55740
5408,X56253
5409,X56597_f
5410,X56597_i
5411,X56654
5412,X56667
5413,X56841
5414,X56958
5415,X57019
5416,X57025
5417,X57025
5418,X57110
5419,X57147
5420,X57206
5421,X57303_i
5422,X57303_r
5423,X57303_r
5424,X57346
5425,X57347
5426,X57348
5427,X57351_f
5428,X57637
5429,X57766
5430,X57830
5431,X57928
5432,X58072
5433,X58072
5434,X58234
5435,X58255
5436,X58288
5437,X58377
5438,X58399
5439,X58822
5440,X58840
5441,X59131
5442,X59244
5443,X59350
5444,X59372_f
5445,X59372_i
5446,X59373_f
5447,X59373_i
5448,X59543
5449,X59618
5450,X59656
5451,X59727
5452,X59739
5453,X59798
5454,X59798
5455,X59834
5456,X59869
5457,X59932
5458,X60201
5459,X60287
5460,X60364_f
5461,X60382
5462,X60489_f
5463,X60655_i
5464,X60655_r
5465,X60673
5466,X60702
5467,X60708
5468,X60992
5469,X61070
5470,X61072
5471,X61079
5472,X61123
5473,X61176
5474,X61177
5475,X61598
5476,X61598
5477,X61615
5478,X61755
5479,X61950
5480,X61950
5481,X61971_f
5482,X62025
5483,X62048
5484,X62055
5485,X62167
5486,X62381
5487,X62429_f
5488,X62570
5489,X62822
5490,X62891_f
5491,X62891_f
5492,X62899
5493,X63071
5494,X63097
5495,X63105
5496,X63187_f
5497,X63359
5498,X63380
5499,X63422
5500,X63432
5501,X63454
5502,X63469
5503,X63578_r
5504,X63597
5505,X63613
5506,X63657
5507,X63692
5508,X63741_f
5509,X63755
5510,X63755
5511,X64044
5512,X64229
5513,X64318
5514,X64330
5515,X64364
5516,X64559
5517,X64594
5518,X64594
5519,X64643
5520,X64728
5521,X64810
5522,X64810
5523,X65019_f
5524,X65233
5525,X65463
5526,X65488
5527,X65644
5528,X65779
5529,X65882
5530,X66079
5531,X66087
5532,X66141
5533,X66141
5534,X66142
5535,X66171
5536,X66357
5537,X66360
5538,X66362
5539,X66365
5540,X66403
5541,X66417
5542,X66533
5543,X66533
5544,X66610
5545,X66893
5546,X66899
5547,X66924
5548,X66975
5549,X67155
5550,X67235
5551,X67318
5552,X67325_f
5553,X67325_i
5554,X67334
5555,X67513
5556,X67699
5557,X67734
5558,X68148_r_i
5559,X68149
5560,X68242
5561,X68264
5562,X68277_r_i
5563,X68277_r_i
5564,X68303
5565,X68314
5566,X68505
5567,X68561
5568,X68679
5569,X68688
5570,X68830
5571,X69089
5572,X69089
5573,X69090
5574,X69115
5575,X69141_r
5576,X69295
5577,X69392
5578,X69433_f
5579,X69438
5580,X69490
5581,X69658
5582,X69658
5583,X69723
5584,X69838
5585,X69878
5586,X69910
5587,X69962
5588,X70040
5589,X70297
5590,X70340
5591,X70649_f
5592,X70683
5593,X70811
5594,X70940
5595,X70991_i
5596,X70991_r
5597,X71440
5598,X71440
5599,X71490
5600,X71877
5601,X72012
5602,X72089
5603,X72177
5604,X72304
5605,X72389_f
5606,X72389_r_i
5607,X72632
5608,X72755
5609,X72889
5610,X72964
5611,X73113_f
5612,X73114_f
5613,X73114_i
5614,X73114_r_i
5615,X73358
5616,X73424_f
5617,X73424_i
5618,X73424_i
5619,X73427
5620,X73502
5621,X73608
5622,X73874
5623,X73882
5624,X73902
5625,X74142
5626,X74295
5627,X74328
5628,X74331
5629,X74496
5630,X74570_f
5631,X74794
5632,X74819
5633,X74837
5634,X74987
5635,X75208
5636,X75304_f
5637,X75304_i
5638,X75308
5639,X75342
5640,X75500
5641,X75535
5642,X75546
5643,X75593
5644,X75756
5645,X75917
5646,X75917
5647,X75918
5648,X75958
5649,X75962
5650,X76029
5651,X76040
5652,X76060
5653,X76061
5654,X76091
5655,X76091
5656,X76092
5657,X76104
5658,X76105
5659,X76180
5660,X76180
5661,X76184
5662,X76383
5663,X76534
5664,X76562
5665,X76732
5666,X76942
5667,X77197
5668,X77278
5669,X77366
5670,X77383
5671,X77548
5672,X77743
5673,X77777
5674,X77909
5675,X77922
5676,X78031
5677,X78342
5678,X78549
5679,X78669_i
5680,X78669_r_i
5681,X78678
5682,X78706
5683,X78710
5684,X78711
5685,X78712
5686,X78873
5687,X78925
5688,X78926
5689,X78931
5690,X78932
5691,X78947
5692,X79066
5693,X79201
5694,X79204
5695,X79234_f
5696,X79293
5697,X79536
5698,X79563_f
5699,X79563_i
5700,X79683_f
5701,X79683_i
5702,X79857
5703,X79888
5704,X79981
5705,X80026_r
5706,X80062_f
5707,X80062_i
5708,X80197
5709,X80198
5710,X80200
5711,X80230_f
5712,X80343
5713,X80343
5714,X80507
5715,X80692
5716,X80754_f
5717,X80754_r_i
5718,X80878
5719,X80915
5720,X81120
5721,X81198
5722,X81333
5723,X81372
5724,X81438
5725,X81479
5726,X81788_r
5727,X81817
5728,X81836
5729,X81836
5730,X81844
5731,X82068
5732,X82166
5733,X82200
5734,X82206
5735,X82209
5736,X82224_i
5737,X82240
5738,X82324
5739,X82494
5740,X82539
5741,X82629
5742,X82634
5743,X82676
5744,X82693
5745,X82693
5746,X82835
5747,X82850
5748,X83107
5749,X83228
5750,X83300
5751,X83301
5752,X83425
5753,X83441
5754,X83535
5755,X83543
5756,X83543
5757,X83618
5758,X83703
5759,X83705
5760,X83857
5761,X83858
5762,X83862
5763,X83862
5764,X83928
5765,X83957
5766,X83973
5767,X84002
5768,X84076
5769,X84373
5770,X84707_i
5771,X84707_i
5772,X84709
5773,X85106
5774,X85133_f
5775,X85134
5776,X85545
5777,X85740
5778,X85740
5779,X85750
5780,X85785
5781,X85960
5782,X86018_f
5783,X86019
5784,X86096
5785,X86098
5786,X86371
5787,X86400
5788,X86400
5789,X86401
5790,X86693
5791,X86779_f
5792,X86809
5793,X87193
5794,X87193
5795,X87248
5796,X87342
5797,X87838
5798,X89066
5799,X89066
5800,X89399
5801,X89416
5802,X89430
5803,X89478
5804,X89960
5805,X89984
5806,X89985_i
5807,X89985_r
5808,X89986
5809,X90828
5810,X90828
5811,X90846
5812,X90857
5813,X90857
5814,X90858_f
5815,X90858_i
5816,X90872
5817,X90908_f
5818,X90908_f
5819,X90908_i
5820,X91103
5821,X91141
5822,X91911_f
5823,X91911_f
5824,X92814
5825,X92814
5826,X93349_i
5827,X93349_r
5828,X93349_r
5829,X93499
5830,Y00062
5831,Y00064
5832,Y00067
5833,Y00083
5834,Y00264
5835,Y00281
5836,Y00291
5837,Y00317
5838,Y00317
5839,Y00345
5840,Y00406
5841,Y00414
5842,Y00443
5843,Y00661
5844,Y00695
5845,Y00705
5846,Y00757
5847,Y00762
5848,Y00796
5849,Y00821
5850,Y00970
5851,Y00971
5852,Y00978
5853,Y07508
5854,Z00010
5855,Z11502
5856,Z11559
5857,Z11692
5858,Z11695
5859,Z11697
5860,Z11737
5861,Z11773
5862,Z11773
5863,Z11887
5864,Z11899
5865,Z11933
5866,Z12020
5867,Z12173
5868,Z13009_f
5869,Z14138
5870,Z14138
5871,Z14244_f
5872,Z14978_r
5873,Z15005
5874,Z17240
5875,Z18859
5876,Z18948
5877,Z18951
5878,Z18954
5879,Z18956
5880,Z20656_f
5881,Z20656_i
5882,Z21818
5883,Z21966
5884,Z22533
5885,Z22534_i
5886,Z22534_r
5887,Z22535
5888,Z22536
5889,Z22555
5890,Z22576
5891,Z22641
5892,Z22865
5893,Z22936
5894,Z22970_i
5895,Z22970_i
5896,Z22970_r
5897,Z23064
5898,Z23091
5899,Z23141
5900,Z24680
5901,Z24725_r
5902,Z24727
5903,Z25521_f
5904,Z25821_f
5905,Z28339
5906,Z29064
5907,Z29067
5908,Z29074
5909,Z29083
5910,Z29090
5911,Z29093
5912,Z29574
5913,Z29677
5914,Z30425
5915,Z30644
5916,Z31357_i
5917,Z31357_i
5918,Z31357_r_i
5919,Z31695
5920,Z32684
5921,Z32858
5922,Z33642
5923,Z33905
5924,Z33998
5925,Z34897
5926,Z35102
5927,Z35278
5928,Z35307_f
5929,Z35307_i
5930,Z35307_r_i
5931,Z36531_f
5932,Z36531_i
5933,Z36714
5934,Z36714
5935,Z36715
5936,Z37976
5937,Z46376
5938,Z46389
5939,Z46629_f
5940,Z46629_r_i
5941,Z46629_r_i
5942,Z46632
5943,Z46788
5944,Z46967_f
5945,Z46967_i
5946,Z46973
5947,Z47087
5948,Z47994
5949,Z48042
5950,Z48051
5951,Z48054
5952,Z48199
5953,Z48475_f
5954,Z48475_i
5955,Z48475_r_i
5956,Z48481
5957,Z48482
5958,Z48541
5959,Z48570
5960,Z48923
5961,Z49099
5962,Z49194
5963,Z49205
5964,Z49269_i
5965,Z49269_r_i
5966,Z50053
5967,Z50101_r
5968,Z50115
5969,Z50194
5970,Z50753
5971,Z50788_f
5972,cre
